gender,SeniorCitizen,Partner,Dependents,tenure,PhoneService,MultipleLines,InternetService,OnlineSecurity,OnlineBackup,DeviceProtection,TechSupport,StreamingTV,StreamingMovies,Contract,PaperlessBilling,PaymentMethod,MonthlyCharges,TotalCharges,AVGMonthlySpend,Churn_Predicted,Churn_Actual
1,0,1,1,72,1,2,1,2,2,2,2,2,2,2,1,1,114.05,8468.2,116.0027397260274,0,0
0,1,0,0,8,1,2,1,0,0,0,2,2,2,0,1,1,100.15,908.55,100.95,1,0
0,0,1,1,41,1,2,0,2,2,2,0,2,0,1,1,1,78.35,3211.2,76.45714285714286,0,0
1,0,1,0,18,1,0,1,0,0,2,2,0,0,0,0,2,78.2,1468.75,77.30263157894737,0,0
0,0,1,0,72,1,2,0,2,2,2,0,2,2,2,1,1,82.65,5919.35,81.08698630136986,0,0
0,0,0,0,21,1,2,1,0,2,0,0,2,2,0,1,1,99.85,1992.55,90.57045454545454,1,0
0,0,0,0,21,1,0,1,0,2,0,2,2,2,0,1,0,99.15,1956.4,88.92727272727274,0,0
1,0,0,1,19,1,2,2,1,1,1,1,1,1,0,1,1,24.1,439.2,21.96,0,0
0,0,1,1,61,1,0,2,1,1,1,1,1,1,2,0,1,19.75,1311.6,21.154838709677417,0,0
1,1,0,0,17,1,0,0,0,0,0,0,0,0,0,1,2,45.05,770.6,42.81111111111111,0,1
1,0,1,1,70,1,2,1,2,2,0,0,2,2,0,1,2,106.05,7554.05,106.3950704225352,0,0
0,1,1,0,72,1,2,1,2,2,2,2,2,2,2,1,0,114.85,8317.95,113.94452054794522,0,0
1,0,0,0,49,0,1,0,0,0,2,0,0,0,0,1,0,30.2,1453.1,29.062,0,0
0,1,0,0,11,1,2,1,0,0,0,0,0,2,0,1,1,84.8,906.85,75.57083333333334,1,1
0,0,0,1,19,1,0,0,0,0,0,2,0,0,0,0,3,48.8,953.65,47.6825,0,0
1,0,1,1,72,1,2,1,0,0,0,0,0,2,2,1,1,84.5,6130.85,83.98424657534247,0,0
0,0,1,1,8,1,0,2,1,1,1,1,1,1,2,0,0,19.5,159.35,17.705555555555556,0,0
1,0,0,1,15,1,2,1,0,2,0,0,2,0,0,1,2,91.0,1430.05,89.378125,1,0
0,0,1,0,67,1,2,1,0,2,2,0,2,2,1,1,0,105.7,6816.95,100.24926470588235,0,0
0,0,1,0,26,0,1,0,2,0,2,0,0,0,1,0,1,35.4,978.6,36.24444444444445,0,0
1,1,0,0,2,1,2,1,0,0,0,0,0,0,0,1,3,74.85,156.4,52.13333333333333,1,1
0,0,1,0,21,0,1,0,2,0,0,0,0,0,0,0,2,28.5,629.35,28.606818181818184,0,0
0,0,1,0,49,1,0,2,1,1,1,1,1,1,1,1,0,20.05,923.1,18.462,0,0
1,0,1,1,21,1,0,2,1,1,1,1,1,1,1,0,3,19.8,350.1,15.913636363636364,0,0
0,0,1,0,51,1,0,1,0,0,0,0,0,0,0,0,3,69.15,3649.6,70.18461538461538,0,0
1,1,1,0,16,1,0,0,2,2,0,0,0,0,0,1,0,54.55,825.1,48.53529411764706,0,0
0,0,0,0,22,1,0,1,0,0,0,0,2,2,0,0,2,89.25,1907.85,82.95,0,1
1,0,1,0,13,1,2,1,0,0,2,0,2,2,0,1,1,102.25,1359.0,97.07142857142856,1,1
0,0,0,1,43,1,2,2,1,1,1,1,1,1,2,1,2,25.1,1070.15,24.32159090909091,0,0
0,0,0,0,3,1,0,1,0,0,0,0,2,2,0,1,2,89.45,240.45,60.1125,1,1
1,1,0,0,54,1,2,1,0,2,0,0,0,2,0,1,2,90.05,4931.8,89.66909090909091,0,0
1,0,0,1,1,0,1,0,0,0,0,0,0,0,0,0,3,24.2,24.2,12.1,0,0
1,0,1,1,69,1,0,2,1,1,1,1,1,1,1,1,1,20.55,1403.1,20.044285714285717,0,0
1,0,0,0,62,1,2,2,1,1,1,1,1,1,2,0,0,23.4,1429.65,22.692857142857143,0,0
0,0,0,0,2,1,0,1,0,0,0,0,2,2,0,1,2,90.4,168.2,56.06666666666666,1,1
0,1,1,1,62,1,2,1,0,2,2,0,0,2,0,1,1,96.1,6019.35,95.5452380952381,0,0
1,1,0,0,2,1,0,0,0,0,0,0,0,0,0,0,3,44.95,85.15,28.383333333333336,0,1
1,0,1,1,69,1,0,2,1,1,1,1,1,1,2,0,0,19.9,1356.7,19.38142857142857,0,0
0,0,0,0,1,1,2,1,0,0,0,0,0,0,0,1,2,74.5,74.5,37.25,1,1
1,0,0,0,31,1,0,0,0,0,2,2,0,0,0,1,2,55.25,1715.65,53.6140625,0,1
1,1,0,0,69,1,0,2,1,1,1,1,1,1,2,0,1,20.3,1356.3,19.375714285714285,0,0
1,0,1,0,2,1,2,1,0,0,2,0,2,0,0,1,2,91.45,171.45,57.15,1,0
0,0,0,0,33,1,0,1,0,0,0,0,0,0,0,1,0,70.4,2406.1,70.76764705882353,0,0
0,0,1,0,3,1,0,2,1,1,1,1,1,1,0,1,3,19.6,55.25,13.8125,0,0
1,0,0,0,44,1,0,0,2,0,0,2,2,0,1,0,2,65.4,2774.55,61.65666666666667,0,0
1,0,0,0,10,1,0,1,2,2,2,2,2,2,0,1,2,110.1,1043.3,94.84545454545454,0,1
0,0,0,0,8,1,2,1,0,0,0,0,0,0,0,1,2,75.25,576.7,64.07777777777778,1,0
1,0,0,0,8,1,0,0,0,2,0,2,2,0,0,1,2,66.65,520.95,57.88333333333334,0,0
0,0,1,1,69,1,0,2,1,1,1,1,1,1,1,1,1,20.35,1442.65,20.609285714285715,0,0
0,0,0,0,23,1,2,1,0,0,0,0,0,0,0,0,0,75.6,1758.6,73.27499999999999,0,1
1,0,0,0,66,1,2,2,1,1,1,1,1,1,2,0,3,25.1,1697.7,25.338805970149256,0,0
0,0,1,1,1,1,2,1,2,0,2,0,2,2,0,1,2,102.45,102.45,51.225,1,1
0,0,0,0,3,1,0,2,1,1,1,1,1,1,0,0,3,19.95,58.0,14.5,0,0
0,0,0,1,5,1,0,0,0,0,0,2,0,0,0,1,3,51.0,286.8,47.8,0,0
0,0,0,1,1,1,0,0,2,0,0,0,0,0,0,0,3,51.2,51.2,25.6,0,0
0,0,0,0,9,1,0,1,0,0,0,0,2,0,0,1,0,77.65,714.15,71.41499999999999,1,1
1,0,1,1,36,1,0,0,2,0,2,0,0,2,1,1,1,63.7,2188.5,59.148648648648646,0,0
1,0,1,1,68,1,2,1,2,2,0,0,0,0,1,1,0,85.5,5696.6,82.55942028985508,0,0
0,0,1,1,35,0,1,0,0,0,0,2,2,0,1,0,3,40.9,1383.6,38.43333333333333,0,0
1,0,1,1,60,1,0,2,1,1,1,1,1,1,2,0,3,20.55,1205.05,19.75491803278689,0,0
0,0,1,1,72,1,2,0,2,2,0,2,2,0,2,0,3,74.55,5430.65,74.39246575342466,0,0
1,0,0,0,45,1,0,2,1,1,1,1,1,1,1,1,2,20.4,930.45,20.22717391304348,0,1
1,0,1,1,37,1,0,1,0,0,0,0,2,2,1,0,1,91.2,3247.55,85.46184210526316,0,0
0,0,1,1,7,1,0,0,2,0,0,0,0,0,0,0,3,50.7,350.35,43.79375,0,0
0,0,0,0,4,1,0,0,0,2,0,0,0,0,0,0,1,50.7,151.3,30.26,0,1
0,0,0,0,1,1,0,0,2,2,0,0,0,0,0,1,2,54.9,54.9,27.45,0,1
0,0,0,0,4,1,0,0,2,2,0,2,0,0,0,1,3,60.4,272.15,54.42999999999999,0,1
1,0,1,0,18,1,0,0,0,0,2,0,0,0,0,1,3,49.55,878.35,46.22894736842105,0,1
0,0,0,0,12,1,2,0,0,0,0,2,2,2,1,0,3,74.05,872.65,67.12692307692308,0,1
0,0,1,1,1,1,0,1,0,0,0,0,2,0,0,1,3,80.05,80.05,40.025,1,1
1,0,1,1,72,1,2,2,1,1,1,1,1,1,2,0,0,25.0,1738.9,23.82054794520548,0,0
1,0,1,0,42,1,0,2,1,1,1,1,1,1,2,0,2,20.25,835.5,19.430232558139537,0,0
1,1,0,0,24,1,2,1,0,0,0,0,0,0,0,1,2,76.1,1712.7,68.508,1,1
1,0,1,1,26,1,0,1,0,0,0,0,0,2,1,0,0,78.95,2034.25,75.3425925925926,0,0
0,0,1,1,68,1,2,0,2,2,2,0,2,0,1,1,1,73.0,5163.0,74.82608695652173,0,0
0,0,0,0,17,1,0,2,1,1,1,1,1,1,1,0,0,19.9,323.15,17.952777777777776,0,0
1,0,1,1,59,1,2,1,2,2,0,2,2,2,2,1,3,111.1,6555.2,109.25333333333332,0,0
1,0,1,1,13,1,2,1,0,0,0,0,0,0,0,1,1,74.4,896.75,64.05357142857143,1,1
0,0,0,0,2,1,0,2,1,1,1,1,1,1,0,1,3,20.45,42.45,14.15,0,0
0,0,1,0,67,1,0,2,1,1,1,1,1,1,2,0,3,19.65,1335.2,19.63529411764706,0,0
0,0,0,0,17,1,0,2,1,1,1,1,1,1,1,0,1,20.05,337.9,18.772222222222226,0,0
1,0,1,0,71,1,2,0,2,2,2,2,0,2,2,1,3,80.1,5585.4,77.57499999999999,0,0
0,0,1,1,17,1,0,1,0,0,2,2,2,2,1,0,0,98.6,1704.95,94.71944444444443,0,1
1,0,0,0,1,1,0,1,0,0,0,0,2,2,0,1,2,89.55,89.55,44.775,1,1
0,0,1,1,6,1,0,2,1,1,1,1,1,1,1,0,3,19.7,94.45,13.492857142857144,0,0
1,0,1,0,61,1,2,1,0,2,2,2,2,2,0,1,2,114.1,7132.15,115.03467741935484,0,0
0,0,0,0,6,1,2,1,0,0,0,0,0,0,0,1,3,73.85,401.3,57.32857142857143,1,0
0,1,0,0,1,0,1,0,0,0,0,0,0,0,0,0,3,25.05,25.05,12.525,1,1
0,0,1,1,21,1,0,1,0,2,2,2,2,2,0,1,2,102.8,2110.15,95.9159090909091,0,1
0,0,1,0,60,1,2,1,0,2,2,2,2,2,2,1,1,110.8,6640.7,108.8639344262295,0,0
0,1,0,0,20,1,2,1,0,0,0,0,0,2,0,1,1,85.8,1727.5,82.26190476190476,1,1
1,0,1,0,22,1,2,1,2,0,0,2,2,0,0,0,1,95.9,2234.95,97.17173913043476,0,0
0,0,0,0,40,1,0,2,1,1,1,1,1,1,2,1,0,20.6,827.3,20.178048780487803,0,0
1,0,0,0,23,1,2,1,0,0,0,0,0,0,0,1,2,74.95,1710.45,71.26875,1,1
0,0,0,1,1,1,0,0,0,0,0,0,0,0,0,0,3,45.95,45.95,22.975,0,1
1,0,0,0,46,0,1,0,2,0,2,2,0,0,2,0,3,38.25,1755.35,37.34787234042553,0,0
0,0,1,1,5,1,0,1,0,0,0,0,0,0,0,0,1,69.95,320.4,53.4,0,0
1,1,0,0,68,1,0,2,1,1,1,1,1,1,2,1,1,20.0,1396.0,20.231884057971016,0,0
0,1,0,0,1,0,1,0,0,0,0,0,0,0,0,1,2,25.2,25.2,12.6,1,1
0,0,1,0,2,1,0,2,1,1,1,1,1,1,0,0,0,20.1,43.15,14.383333333333333,0,0
0,1,0,0,14,1,2,1,0,2,2,0,2,2,0,1,2,104.85,1531.4,102.09333333333332,1,1
1,0,0,0,10,1,0,1,0,0,0,0,0,0,0,1,2,70.0,740.0,67.27272727272727,0,1
1,0,0,1,13,1,0,1,0,0,0,0,2,0,0,1,1,78.3,1033.95,73.85357142857143,0,0
0,0,0,0,34,1,2,1,2,2,2,0,2,2,0,1,3,109.8,3587.25,102.49285714285716,1,1
1,0,1,1,18,1,0,0,0,0,2,0,0,2,0,0,2,57.45,990.85,52.15,0,1
1,0,1,1,71,1,0,2,1,1,1,1,1,1,2,0,1,19.7,1301.1,18.070833333333333,0,0
0,0,1,0,70,1,2,1,0,2,2,2,2,2,2,1,2,110.5,7752.05,109.1838028169014,0,0
0,0,1,0,52,1,0,0,2,0,2,0,2,0,1,1,3,64.3,3410.6,64.35094339622641,0,0
1,0,1,1,68,1,0,1,2,2,2,0,2,2,2,1,0,105.25,7173.15,103.9586956521739,0,0
1,0,1,1,38,1,0,2,1,1,1,1,1,1,0,0,2,19.6,717.3,18.392307692307693,0,0
0,0,1,1,58,1,2,2,1,1,1,1,1,1,1,1,1,24.5,1497.9,25.38813559322034,0,0
1,0,0,0,3,1,0,1,0,0,0,0,2,2,0,0,3,90.7,237.65,59.4125,1,0
1,0,1,0,14,1,0,0,0,0,0,2,0,0,0,0,0,48.8,664.4,44.29333333333333,0,0
1,0,0,0,2,0,1,0,0,0,0,0,0,0,0,1,1,24.9,49.7,16.566666666666666,1,0
0,0,1,0,1,0,1,0,0,0,0,0,0,0,0,1,2,24.8,24.8,12.4,1,1
0,1,0,0,72,1,2,1,2,2,2,2,0,2,2,1,0,107.4,7748.75,106.1472602739726,0,0
1,0,0,0,3,1,0,0,0,0,0,0,0,0,0,1,2,43.3,123.65,30.9125,0,1
0,0,0,0,13,1,2,1,2,0,0,0,0,0,0,1,1,80.0,1029.35,73.52499999999999,0,0
1,1,1,1,72,1,0,1,2,0,2,2,2,2,2,1,1,104.1,7447.7,102.02328767123288,0,0
1,0,1,0,58,1,0,2,1,1,1,1,1,1,2,0,3,20.75,1185.95,20.10084745762712,0,0
1,1,1,0,71,1,0,1,0,2,2,2,0,2,2,1,1,95.5,6707.15,93.1548611111111,0,0
0,0,0,0,1,1,0,1,0,0,2,0,0,0,0,0,2,76.35,76.35,38.175,1,1
0,0,1,1,54,1,2,0,2,2,2,2,2,2,2,0,1,91.3,4965.0,90.27272727272728,0,0
1,0,0,1,39,0,1,0,2,0,0,2,2,0,1,0,0,45.05,1790.6,44.765,0,0
0,0,0,0,1,1,0,1,0,0,0,0,0,0,0,1,2,70.6,70.6,35.3,1,1
1,0,1,0,61,1,2,0,2,2,2,2,0,2,2,1,0,80.8,4860.85,78.40080645161291,0,0
0,0,1,1,25,1,0,1,0,2,2,0,2,0,0,1,0,89.15,2257.75,86.83653846153847,0,1
0,0,0,0,37,1,2,1,2,2,2,0,0,0,0,0,0,91.2,3382.3,89.0078947368421,0,0
0,1,0,0,26,1,0,1,0,0,0,0,2,2,0,1,2,91.25,2351.8,87.10370370370372,1,1
1,0,0,0,10,1,0,2,1,1,1,1,1,1,0,0,1,19.75,208.25,18.931818181818183,0,0
0,0,0,0,1,1,0,2,1,1,1,1,1,1,0,0,3,20.4,20.4,10.2,0,1
0,1,1,0,24,0,1,0,0,0,2,0,0,2,0,1,1,40.65,933.3,37.332,0,1
1,1,0,0,65,1,2,1,2,0,2,2,2,2,2,1,2,110.35,7246.15,109.7901515151515,0,0
1,0,0,0,23,1,0,0,0,0,0,0,2,2,1,1,0,64.9,1509.8,62.90833333333333,0,0
1,0,0,0,49,1,2,0,0,0,0,2,2,0,2,1,0,66.15,3199.0,63.98,0,0
0,1,0,0,42,1,2,0,0,0,2,0,0,0,0,0,2,55.65,2421.75,56.31976744186046,0,0
0,0,0,0,8,1,0,2,1,1,1,1,1,1,2,0,3,20.85,161.65,17.961111111111112,0,0
0,0,0,0,28,1,0,0,0,2,0,2,0,0,0,0,0,54.65,1517.5,52.32758620689656,0,0
1,0,0,0,71,1,2,0,2,2,2,2,0,2,2,0,0,80.6,5708.2,79.28055555555555,0,0
1,0,1,1,69,1,2,1,0,0,2,0,2,2,0,1,1,99.45,7007.6,100.10857142857144,0,1
1,0,1,1,68,1,2,1,2,2,2,2,2,2,2,1,0,114.7,7849.85,113.7659420289855,0,0
0,0,1,0,64,1,2,1,0,2,0,2,2,2,2,1,0,105.4,6794.75,104.53461538461538,0,0
0,1,0,0,3,1,0,1,0,0,2,0,0,0,0,0,3,75.05,202.9,50.725,1,0
0,0,1,1,66,1,0,0,0,0,0,2,0,0,1,1,1,49.4,3251.85,48.53507462686567,0,0
1,0,0,0,28,1,0,2,1,1,1,1,1,1,1,0,1,18.25,534.7,18.43793103448276,0,0
1,0,1,0,67,1,0,1,2,2,2,2,2,2,2,1,2,111.05,7321.05,107.6625,0,0
1,0,1,0,46,1,0,2,1,1,1,1,1,1,0,0,2,19.6,851.2,18.11063829787234,0,0
1,0,1,0,55,1,2,1,2,2,0,0,2,0,0,1,2,96.75,5238.9,93.55178571428571,0,1
1,0,0,0,22,1,0,1,0,0,0,0,0,0,0,1,3,69.7,1490.4,64.8,0,0
1,0,1,1,18,1,0,1,2,0,2,0,2,0,0,1,3,87.9,1500.5,78.97368421052632,0,0
1,0,1,0,46,0,1,0,2,0,2,2,0,0,2,0,1,40.4,1842.7,39.20638297872341,0,0
0,0,1,0,10,1,2,1,2,0,0,0,0,0,0,1,1,78.15,765.15,69.55909090909091,1,0
1,0,1,0,72,1,2,1,0,2,0,0,2,2,2,1,2,99.4,7285.7,99.80410958904108,0,0
1,0,0,0,16,1,2,0,0,2,0,0,0,0,0,0,2,55.3,875.35,51.49117647058824,0,0
1,1,0,0,3,1,2,1,0,0,0,0,0,0,0,1,2,77.0,237.75,59.4375,1,1
1,0,1,1,21,0,1,0,0,0,0,0,0,0,0,1,2,26.05,565.75,25.71590909090909,0,0
1,0,0,0,5,1,0,1,0,0,0,0,0,2,0,0,3,78.75,426.35,71.05833333333334,1,0
0,0,0,0,1,0,1,0,0,2,0,0,0,0,0,0,0,29.95,29.95,14.975,0,1
0,0,0,0,1,1,0,0,0,0,0,0,0,0,0,1,3,45.4,45.4,22.7,1,1
1,1,1,0,36,1,2,1,0,0,0,0,0,2,0,1,1,85.25,3132.75,84.66891891891892,1,1
1,0,1,0,64,1,0,1,2,2,0,2,2,2,2,1,1,104.05,6605.55,101.62384615384616,0,0
1,1,1,0,30,1,2,0,0,0,2,0,2,2,2,0,2,74.85,2181.75,70.37903225806451,0,0
0,0,1,1,72,1,0,2,1,1,1,1,1,1,2,0,0,19.55,1463.45,20.047260273972604,0,0
1,0,1,1,46,1,0,2,1,1,1,1,1,1,2,1,3,20.1,936.85,19.93297872340425,0,0
0,0,1,0,45,1,0,1,0,0,0,2,2,2,2,1,1,95.2,4285.8,93.16956521739132,0,0
0,0,0,0,2,1,0,2,1,1,1,1,1,1,0,0,3,20.65,38.7,12.9,0,1
0,0,0,0,34,1,0,0,2,2,0,0,0,0,1,0,3,55.0,1885.15,53.861428571428576,0,0
0,0,1,0,54,1,2,1,2,2,0,0,2,2,1,0,0,106.55,5763.3,104.78727272727274,0,1
1,0,0,0,21,1,0,2,1,1,1,1,1,1,0,1,3,19.95,416.4,18.92727272727273,0,0
1,0,1,0,65,1,2,0,2,0,2,2,0,2,2,0,0,76.15,4929.55,74.69015151515151,0,0
0,0,1,0,20,1,0,1,0,0,0,0,0,0,0,1,0,69.8,1540.35,73.35,0,0
1,0,0,0,1,1,0,1,0,0,0,0,2,0,0,1,2,79.5,79.5,39.75,1,1
1,0,1,1,42,1,2,0,2,2,0,0,2,0,0,1,0,69.4,3058.3,71.12325581395349,0,0
1,0,0,0,1,1,0,2,1,1,1,1,1,1,0,0,3,19.4,19.4,9.7,0,1
0,0,1,0,20,1,0,1,2,2,0,2,2,0,0,1,2,96.55,1901.65,90.5547619047619,0,0
1,0,0,0,11,1,0,1,0,0,0,0,0,0,0,0,2,70.2,760.05,63.3375,0,0
0,0,1,0,61,1,2,2,1,1,1,1,1,1,2,0,0,25.3,1554.9,25.07903225806452,0,0
0,0,1,0,64,1,2,2,1,1,1,1,1,1,2,0,1,25.0,1584.8,24.38153846153846,0,0
0,1,1,0,25,1,0,1,0,2,2,0,0,2,0,0,0,88.4,2191.15,84.275,0,0
0,0,0,0,44,1,2,0,0,0,0,0,0,0,0,1,3,50.15,2139.1,47.535555555555554,0,0
0,0,1,0,5,1,0,1,0,0,0,0,0,0,0,0,2,69.95,330.15,55.025,1,1
0,1,1,1,48,0,1,0,0,2,0,0,0,0,1,0,0,29.9,1388.75,28.34183673469388,0,0
1,0,0,0,6,1,2,1,0,0,0,0,0,0,0,1,2,74.9,469.8,67.11428571428571,1,1
1,0,1,0,4,1,0,0,0,0,0,2,0,0,0,0,3,50.05,179.35,35.87,0,1
1,0,1,1,72,1,0,2,1,1,1,1,1,1,2,0,0,19.95,1322.85,18.121232876712327,0,0
1,0,0,0,54,1,2,1,0,0,2,0,0,2,0,0,1,89.4,4869.5,88.53636363636363,0,0
0,0,1,1,66,1,2,0,2,2,2,0,0,0,0,1,0,67.45,4508.65,67.29328358208954,0,0
1,0,0,0,3,1,0,0,0,2,0,0,0,0,0,1,3,49.9,130.1,32.525,0,1
1,0,0,0,19,1,0,0,0,2,0,2,0,2,1,1,0,65.35,1231.85,61.5925,0,0
1,0,1,1,61,1,2,0,0,0,2,2,2,2,2,1,0,81.0,4976.15,80.26048387096773,0,0
1,0,0,0,54,1,0,1,2,0,2,0,2,0,0,0,3,89.8,4667.0,84.85454545454546,0,0
0,0,0,0,1,1,0,0,0,2,0,0,0,0,0,0,2,49.95,49.95,24.975,0,0
1,1,0,0,19,1,2,1,0,0,2,0,0,0,0,1,2,79.85,1471.75,73.5875,1,1
1,0,1,0,24,1,0,2,1,1,1,1,1,1,2,0,3,19.75,483.15,19.326,0,0
0,1,0,1,33,1,2,1,0,2,2,0,2,2,0,1,0,105.35,3465.05,101.91323529411764,1,0
0,0,1,0,31,1,0,1,0,2,0,0,0,2,0,1,0,83.85,2674.15,83.5671875,0,0
1,0,1,0,59,0,1,0,0,0,0,0,2,2,0,1,2,44.3,2666.75,44.44583333333333,0,0
0,1,1,0,20,1,0,1,0,0,0,0,2,2,1,1,0,91.0,1859.5,88.54761904761905,0,0
1,1,1,0,60,1,2,1,0,0,0,2,2,2,0,1,2,99.0,6017.9,98.65409836065574,0,0
1,0,0,1,18,1,2,1,0,0,2,0,0,0,0,1,1,80.55,1406.65,74.03421052631579,0,0
0,0,0,1,19,1,0,0,2,2,2,0,0,0,0,1,2,60.6,1297.8,64.89,0,0
0,0,1,1,24,1,0,2,1,1,1,1,1,1,2,0,3,19.7,452.55,18.102,0,0
0,0,1,1,9,1,0,2,1,1,1,1,1,1,1,0,3,20.25,172.35,17.235,0,0
0,0,1,1,33,1,2,2,1,1,1,1,1,1,0,0,0,24.25,838.5,24.66176470588235,0,0
0,0,0,0,2,1,0,2,1,1,1,1,1,1,0,0,3,19.4,61.05,20.35,0,0
1,0,1,0,67,1,2,1,0,2,2,0,0,2,2,1,2,93.15,6368.2,93.65,0,0
0,0,0,0,52,1,0,0,2,0,0,0,0,0,0,1,0,49.75,2535.55,47.840566037735854,0,0
0,0,0,0,5,1,0,2,1,1,1,1,1,1,0,1,1,19.65,92.05,15.341666666666669,0,0
0,0,1,1,1,1,0,2,1,1,1,1,1,1,0,1,3,19.4,19.4,9.7,0,0
1,0,0,0,67,1,0,2,1,1,1,1,1,1,2,1,3,19.8,1311.3,19.28382352941176,0,0
0,0,0,0,63,1,2,1,0,2,0,0,2,2,1,0,0,99.9,6137.0,95.890625,0,1
1,1,0,0,2,1,0,0,0,0,2,0,0,0,0,0,3,49.95,107.1,35.7,0,0
1,1,1,0,25,1,2,1,2,0,0,0,0,2,1,1,2,89.05,2177.45,83.74807692307692,0,1
1,0,0,0,19,1,0,2,1,1,1,1,1,1,2,1,3,19.95,373.5,18.675,0,0
1,0,0,1,62,1,0,0,2,2,0,0,0,0,1,0,0,56.15,3487.95,55.364285714285714,0,0
1,1,0,0,23,0,1,0,0,0,0,0,0,2,0,1,0,34.65,768.45,32.018750000000004,0,0
1,0,1,0,70,1,0,0,2,2,2,2,0,0,2,0,1,64.95,4523.25,63.70774647887324,0,0
1,0,0,0,29,1,0,1,0,0,0,2,2,2,0,1,2,94.2,2607.6,86.92,0,0
1,0,1,0,32,1,2,1,0,0,2,0,0,0,0,1,2,78.9,2447.95,74.18030303030302,0,1
0,0,0,0,31,1,2,0,2,0,2,2,0,0,0,0,1,65.25,1994.3,62.321875,0,1
0,0,0,0,59,1,0,1,0,0,2,0,2,2,2,0,2,95.8,5655.45,94.2575,0,0
1,0,0,0,32,1,0,0,0,0,0,0,2,2,1,1,0,64.85,2010.95,60.93787878787879,0,0
1,0,1,0,17,0,1,0,0,2,0,0,2,2,0,1,3,49.8,836.35,46.46388888888889,1,0
1,0,0,0,26,1,0,2,1,1,1,1,1,1,0,0,3,20.9,518.3,19.196296296296296,0,0
1,0,0,0,12,1,2,1,0,0,0,0,2,2,0,0,2,94.55,1173.55,90.27307692307691,1,0
1,0,1,1,61,1,0,1,0,2,0,2,2,2,1,1,0,98.45,6145.2,99.11612903225806,0,0
0,0,1,0,71,1,0,2,1,1,1,1,1,1,2,0,3,19.6,1416.5,19.67361111111111,0,0
0,0,0,0,9,1,0,2,1,1,1,1,1,1,0,1,1,20.45,147.55,14.755,0,0
1,1,1,0,24,1,2,1,0,2,2,0,2,2,0,1,2,104.25,2433.9,97.356,1,1
0,1,0,0,7,1,0,1,0,0,0,0,2,2,0,1,2,89.15,574.35,71.79375,1,0
1,0,0,1,41,1,0,1,2,2,2,2,2,2,2,1,2,111.15,4507.15,107.31309523809524,0,0
1,0,1,1,20,1,0,1,0,0,0,0,2,2,0,1,2,90.2,1776.55,84.59761904761905,1,1
1,0,1,0,33,1,0,1,0,0,0,0,2,2,0,0,2,91.25,2964.05,87.1779411764706,0,0
1,0,0,0,56,1,0,0,0,2,2,2,2,2,2,1,1,81.8,4534.45,79.55175438596491,0,0
1,0,1,1,1,1,2,1,0,0,0,0,0,0,0,1,2,74.5,74.5,37.25,1,1
1,0,0,0,4,1,2,1,0,0,0,0,0,0,0,1,2,76.05,318.9,63.78,1,1
0,0,0,0,54,1,2,1,0,2,2,2,2,2,0,0,2,111.1,6014.85,109.3609090909091,0,1
0,0,1,1,8,1,0,0,0,0,0,2,2,2,0,1,2,68.55,564.35,62.70555555555556,0,0
1,0,1,0,58,0,1,0,0,0,0,0,2,2,1,1,1,45.0,2689.35,45.5822033898305,0,0
1,0,1,0,34,1,2,1,0,0,2,0,2,2,0,0,2,100.85,3527.3,100.78,1,0
0,1,0,0,2,0,1,0,0,0,2,0,0,0,0,1,2,30.4,78.65,26.21666666666667,1,1
1,0,0,1,25,1,0,1,0,2,0,0,2,2,0,1,2,95.9,2448.75,94.1826923076923,0,1
0,0,1,0,68,1,2,1,0,0,2,0,2,0,2,1,0,89.95,5974.3,86.5840579710145,0,0
0,0,1,0,71,1,2,1,0,2,2,0,2,2,2,1,0,105.15,7555.0,104.93055555555556,0,0
0,0,0,1,1,1,0,0,0,0,2,0,0,2,0,0,2,59.2,59.2,29.6,1,1
1,0,0,0,13,1,2,1,2,0,0,0,2,2,0,0,3,98.15,1230.25,87.875,1,1
1,0,1,1,5,1,2,1,2,0,2,0,0,0,0,1,2,84.5,453.75,75.625,1,1
0,0,0,0,22,1,0,2,1,1,1,1,1,1,1,0,0,20.85,450.65,19.593478260869563,0,0
0,0,1,1,10,1,2,2,1,1,1,1,1,1,2,0,1,26.1,225.55,20.50454545454545,0,0
1,1,1,0,55,1,2,1,0,0,0,0,0,0,0,1,2,74.0,4052.4,72.36428571428571,0,0
0,0,1,1,27,1,0,2,1,1,1,1,1,1,1,1,3,20.55,583.3,20.832142857142856,0,0
0,0,0,0,10,1,0,2,1,1,1,1,1,1,0,0,3,18.85,163.2,14.836363636363636,0,0
1,0,0,0,23,1,0,2,1,1,1,1,1,1,0,0,2,20.85,473.9,19.745833333333334,0,0
1,0,1,1,70,1,2,0,0,2,2,2,2,2,2,1,2,84.1,5979.7,84.22112676056338,0,0
0,0,0,1,5,1,0,0,0,0,0,0,0,0,0,0,3,46.0,221.7,36.95,0,1
0,0,0,0,24,1,0,2,1,1,1,1,1,1,2,1,0,19.55,470.2,18.808,0,0
0,0,0,0,8,1,0,2,1,1,1,1,1,1,1,1,0,20.2,140.95,15.66111111111111,0,0
1,0,1,0,19,1,2,1,2,2,0,2,0,0,0,1,1,88.8,1672.35,83.61749999999999,0,0
1,1,1,0,43,1,0,1,0,2,2,0,2,2,1,1,0,100.55,4304.0,97.8181818181818,0,0
1,1,0,0,67,1,2,1,0,0,2,0,2,2,0,1,1,101.4,6841.05,100.60367647058824,0,0
1,0,0,0,4,1,0,0,0,0,0,0,0,2,0,1,3,55.3,238.5,47.7,0,0
1,0,1,0,59,1,2,1,2,2,2,2,2,2,2,0,2,113.75,6561.25,109.35416666666669,0,0
1,0,1,0,72,1,2,2,1,1,1,1,1,1,2,0,3,25.4,1710.9,23.436986301369863,0,0
1,0,0,1,19,1,0,2,1,1,1,1,1,1,0,1,2,20.0,377.55,18.8775,0,0
0,0,0,0,1,1,0,1,0,0,2,0,0,0,0,0,0,73.5,73.5,36.75,1,1
0,0,1,1,30,0,1,0,0,0,0,2,2,2,0,0,1,51.2,1561.5,50.37096774193548,0,1
0,0,1,0,2,1,0,1,2,0,0,0,0,0,0,1,2,74.4,139.4,46.46666666666667,1,1
1,0,1,1,60,1,0,0,2,2,2,2,0,0,1,1,0,65.85,3928.3,64.3983606557377,0,0
1,0,0,0,44,1,2,1,2,2,2,0,2,2,0,1,2,111.5,4915.15,109.22555555555554,0,0
0,0,0,0,1,1,0,0,0,2,0,0,0,0,0,1,2,48.6,48.6,24.3,1,0
1,0,1,0,3,0,1,0,0,0,0,2,0,0,0,1,2,29.9,92.25,23.0625,0,0
1,1,1,0,71,1,2,2,1,1,1,1,1,1,2,0,0,24.85,1901.0,26.40277777777778,0,0
0,0,0,0,2,1,0,0,0,2,0,0,0,0,0,0,3,49.2,103.7,34.56666666666667,0,0
0,0,0,0,1,0,1,0,0,0,0,0,0,0,1,0,3,25.85,25.85,12.925,0,0
0,0,1,1,72,1,2,1,2,2,2,2,2,2,2,1,2,115.5,8425.15,115.41301369863014,0,0
0,0,0,0,6,1,0,1,0,2,0,0,0,2,0,1,3,85.95,514.6,73.51428571428572,1,0
0,0,0,0,1,1,0,1,0,0,2,0,2,0,0,1,1,85.55,85.55,42.775,1,1
1,1,0,0,20,1,0,1,0,0,0,0,2,2,0,0,2,89.95,1648.45,78.49761904761905,1,0
1,0,0,0,1,1,0,1,0,0,0,0,2,2,0,1,2,88.35,88.35,44.175,1,1
1,0,0,0,12,1,0,2,1,1,1,1,1,1,0,0,1,20.05,265.45,20.41923076923077,0,0
1,0,0,0,9,0,1,0,0,0,0,0,0,0,0,1,2,24.95,190.25,19.025,0,0
0,0,0,0,12,1,0,2,1,1,1,1,1,1,0,0,3,20.1,223.6,17.2,0,0
0,0,0,0,1,1,0,0,0,0,0,2,0,0,0,1,2,49.9,49.9,24.95,0,0
1,0,0,0,17,1,0,2,1,1,1,1,1,1,1,1,0,19.65,351.55,19.530555555555555,0,0
0,0,0,0,12,1,2,1,0,0,0,2,0,0,0,1,1,79.55,958.25,73.71153846153847,0,0
1,0,0,0,12,1,2,1,0,2,2,0,2,2,0,1,2,106.7,1253.9,96.45384615384616,1,1
0,0,0,0,15,1,2,0,2,0,0,0,0,0,0,1,3,55.7,899.8,56.2375,0,1
1,0,1,0,71,1,2,1,2,2,2,0,2,0,2,1,2,99.0,6994.6,97.14722222222224,0,0
0,0,1,0,30,1,2,1,0,0,0,0,0,2,0,1,2,85.0,2624.25,84.65322580645162,1,1
1,0,0,1,33,1,0,2,1,1,1,1,1,1,1,1,3,20.15,682.15,20.063235294117646,0,0
0,0,0,0,1,1,0,2,1,1,1,1,1,1,0,0,3,19.9,19.9,9.95,0,0
0,0,1,1,62,1,2,0,0,0,0,0,2,2,0,1,1,70.45,4300.45,68.2611111111111,0,0
0,0,1,1,72,1,2,1,2,2,2,2,2,2,2,1,1,116.8,8456.75,115.8458904109589,0,0
0,0,1,1,30,1,0,0,2,0,0,2,0,2,0,0,0,66.3,1923.5,62.04838709677419,0,0
0,0,0,1,3,1,0,2,1,1,1,1,1,1,1,1,1,20.55,57.4,14.35,0,0
0,0,1,1,28,1,2,1,0,0,0,2,0,2,1,1,2,90.45,2509.25,86.52586206896552,0,0
1,0,0,0,30,1,2,1,2,2,0,0,0,2,0,1,1,94.3,2679.7,86.44193548387096,0,0
0,0,1,1,12,1,0,2,1,1,1,1,1,1,0,0,3,19.0,233.55,17.965384615384615,0,1
1,0,0,0,51,1,2,2,1,1,1,1,1,1,1,1,0,24.6,1266.4,24.35384615384616,0,0
0,0,0,0,15,0,1,0,2,2,2,2,0,0,1,0,3,45.9,693.45,43.340625,0,0
1,0,1,1,72,1,2,2,1,1,1,1,1,1,2,1,1,25.1,1790.8,24.53150684931507,0,0
1,0,0,0,32,1,2,1,2,2,0,2,2,2,0,1,1,108.15,3432.9,104.02727272727272,0,1
0,1,0,0,6,1,0,1,2,0,0,0,0,0,0,1,2,74.1,450.9,64.41428571428571,1,0
1,0,1,0,63,1,0,0,2,2,0,2,2,0,1,0,1,70.8,4448.8,69.5125,0,0
0,1,0,0,11,1,2,1,0,0,0,0,2,2,0,1,0,95.15,997.65,83.1375,1,1
1,0,0,0,19,1,0,0,0,0,0,2,2,0,0,1,1,61.55,1093.2,54.66,0,0
1,0,1,1,64,1,0,0,2,0,2,0,2,2,1,1,1,73.05,4688.65,72.13307692307691,0,0
0,0,1,1,7,1,0,0,2,2,2,0,2,0,1,0,2,69.45,477.05,59.63125,0,0
0,1,0,0,4,1,0,2,1,1,1,1,1,1,0,0,3,20.05,91.45,18.29,0,0
1,0,0,0,7,1,0,2,1,1,1,1,1,1,0,1,3,19.95,147.5,18.4375,0,0
1,0,0,0,4,1,0,1,0,0,2,2,0,2,0,1,2,90.4,356.65,71.33,1,0
0,0,0,0,3,1,0,1,2,0,0,0,0,0,0,1,2,74.55,233.65,58.4125,1,0
0,1,0,0,65,0,1,0,0,2,2,0,2,2,2,1,0,53.5,3517.9,53.301515151515154,0,0
1,0,1,1,42,1,0,0,2,0,0,2,0,2,1,0,1,63.7,2763.35,64.2639534883721,0,0
1,0,0,0,26,1,0,0,2,0,0,2,2,2,1,0,0,75.0,1908.35,70.67962962962963,0,0
0,0,0,0,48,1,2,2,1,1,1,1,1,1,1,0,1,25.05,1171.5,23.90816326530612,0,0
1,0,1,1,69,1,2,1,0,0,0,2,2,2,2,1,2,99.35,6856.45,97.94928571428572,0,0
1,0,1,1,17,0,1,0,2,0,2,0,2,0,1,0,1,44.45,792.15,44.00833333333333,0,0
0,0,1,1,1,1,0,2,1,1,1,1,1,1,0,1,2,21.0,21.0,10.5,0,1
0,0,0,0,4,1,0,1,0,2,0,0,0,0,0,1,0,76.65,333.6,66.72,1,1
0,1,0,0,34,1,2,1,0,2,0,2,2,0,0,1,2,96.35,3190.25,91.15,0,0
0,0,0,0,2,1,0,1,0,0,0,0,0,0,0,0,2,70.35,139.25,46.41666666666666,1,0
0,0,1,1,1,1,0,0,0,0,2,0,0,0,0,0,3,50.45,50.45,25.225,0,1
0,0,0,0,12,1,0,2,1,1,1,1,1,1,0,0,3,20.3,246.7,18.976923076923075,0,0
1,0,0,0,38,1,0,1,0,0,0,0,0,0,0,1,1,69.5,2625.25,67.31410256410257,0,0
0,0,1,1,31,1,2,0,0,2,0,2,2,2,2,0,0,80.55,2471.6,77.2375,0,0
0,0,1,1,67,1,2,1,2,0,2,2,2,2,2,1,1,108.75,7156.2,105.23823529411764,0,1
1,0,1,1,22,1,2,1,0,0,2,0,2,0,0,1,2,88.75,1885.15,81.96304347826087,1,0
0,0,1,0,63,1,2,1,0,0,0,2,0,0,1,1,1,81.2,4965.1,77.5796875,0,0
0,0,0,0,70,1,0,0,2,0,2,2,2,2,2,0,0,79.6,5589.45,78.72464788732394,0,0
1,0,0,0,1,1,0,2,1,1,1,1,1,1,0,0,3,20.45,20.45,10.225,0,0
0,0,1,1,49,1,2,1,0,2,0,0,2,2,1,0,3,100.45,4941.8,98.836,0,1
0,1,1,0,71,1,0,1,0,2,2,0,0,2,2,0,1,89.45,6435.25,89.37847222222223,0,0
0,0,1,1,23,1,0,0,2,2,2,2,0,0,1,1,3,66.25,1533.8,63.90833333333333,0,0
1,0,1,1,72,1,2,0,2,2,2,2,2,2,2,1,1,90.8,6397.6,87.63835616438357,0,0
0,0,1,1,72,1,2,0,2,0,2,0,2,0,2,1,0,71.45,5025.85,68.84726027397261,0,0
0,0,0,0,2,1,0,1,0,0,0,0,0,0,0,0,0,69.75,144.55,48.18333333333334,1,1
0,0,0,0,42,1,0,0,2,2,2,0,0,0,0,0,0,59.65,2536.55,58.989534883720935,0,0
0,0,1,1,47,1,0,2,1,1,1,1,1,1,2,0,3,19.75,948.9,19.76875,0,0
1,0,0,1,29,1,0,2,1,1,1,1,1,1,1,0,3,19.85,535.05,17.834999999999997,0,0
0,0,1,1,72,0,1,0,2,2,2,2,2,2,2,1,0,63.8,4684.3,64.16849315068494,0,0
1,0,0,0,1,1,0,1,0,0,0,0,0,0,0,1,2,69.55,69.55,34.775,1,1
1,0,0,0,40,1,0,0,0,0,0,2,0,0,0,1,2,51.1,2092.9,51.04634146341464,0,0
1,0,0,0,1,1,2,0,0,0,2,2,0,0,0,0,3,62.05,62.05,31.025,1,1
0,1,0,0,1,1,0,1,0,0,2,0,0,2,0,1,2,85.0,85.0,42.5,1,1
1,0,1,1,70,1,2,1,0,2,0,0,2,2,2,0,0,98.3,6859.5,96.61267605633805,0,1
1,0,0,0,49,1,0,2,1,1,1,1,1,1,2,1,1,19.9,1022.6,20.452,0,0
1,0,0,0,17,1,0,1,0,0,2,0,0,0,0,1,2,76.65,1313.55,72.975,0,1
1,0,0,0,33,1,0,0,0,2,2,0,2,0,0,1,1,66.4,2245.4,66.04117647058824,0,0
1,1,1,0,17,1,2,1,0,0,2,0,2,2,0,1,1,100.45,1622.45,90.13611111111112,1,1
1,0,1,1,21,1,2,0,2,0,0,0,2,2,1,1,0,75.9,1549.75,70.44318181818181,0,0
0,0,0,0,35,1,2,0,2,0,2,2,2,2,1,1,1,85.95,3110.1,86.39166666666667,0,1
0,0,0,0,12,0,1,0,0,2,2,2,2,2,1,0,2,60.65,743.3,57.17692307692308,0,0
0,0,1,0,9,1,0,0,0,2,0,0,0,0,0,0,3,50.85,466.6,46.66,0,0
0,0,1,1,72,1,2,2,1,1,1,1,1,1,2,0,0,24.45,1709.1,23.412328767123288,0,0
1,1,1,0,18,1,0,0,2,0,0,0,0,2,0,1,1,59.1,1011.05,53.21315789473684,0,0
0,0,1,0,58,1,2,1,2,2,0,2,2,2,2,1,1,109.1,6393.65,108.36694915254236,0,0
0,1,0,1,30,1,2,1,0,0,0,2,2,2,0,1,2,101.3,2974.5,95.9516129032258,1,0
1,0,1,1,56,1,2,1,2,2,2,2,2,2,2,0,3,115.85,6567.9,115.22631578947367,0,0
1,0,0,0,10,1,0,1,0,0,2,0,2,2,0,1,2,94.9,1048.85,95.35,1,1
0,0,1,0,2,0,1,0,0,0,0,0,0,2,0,1,2,35.1,68.75,22.916666666666668,1,1
0,0,1,1,18,1,2,2,1,1,1,1,1,1,2,1,1,24.65,471.35,24.807894736842105,0,0
0,0,1,1,51,0,1,0,0,0,2,2,2,2,1,1,2,56.15,2898.95,55.74903846153846,0,0
1,0,1,0,60,1,2,1,2,0,2,2,2,2,0,1,0,109.45,6572.85,107.7516393442623,0,0
0,0,1,1,24,1,0,0,2,0,0,2,0,0,0,0,2,55.15,1319.85,52.794,0,0
1,0,1,0,70,1,2,1,2,2,2,2,2,2,1,0,1,115.65,7968.85,112.23732394366198,0,1
1,0,0,0,12,1,0,0,0,2,0,2,0,0,0,1,3,53.75,648.65,49.89615384615384,0,0
1,0,1,1,25,1,0,0,2,2,2,0,0,0,1,1,0,61.6,1611.0,61.96153846153846,0,0
1,0,0,0,36,1,0,2,1,1,1,1,1,1,1,1,1,20.35,695.85,18.80675675675676,0,0
1,0,1,1,11,1,0,1,0,0,0,0,2,2,0,0,2,90.6,1020.2,85.01666666666667,1,0
1,0,1,1,7,1,0,1,0,2,0,2,2,0,0,1,2,89.75,608.8,76.1,0,1
0,1,1,0,26,1,2,1,0,0,2,0,2,2,0,1,0,98.1,2510.7,92.98888888888888,1,0
1,0,0,0,41,1,0,1,0,0,0,2,0,0,0,1,2,74.25,3089.1,73.55,0,0
0,1,0,0,57,0,1,0,0,2,2,0,2,2,0,1,2,55.0,3094.05,53.345689655172414,0,0
0,0,1,1,28,1,0,1,0,0,0,0,2,2,1,1,0,90.1,2598.95,89.61896551724138,0,1
0,0,0,0,10,1,0,0,0,2,0,2,0,2,1,0,3,64.9,685.55,62.32272727272727,0,0
0,0,0,0,41,1,2,0,0,2,0,0,0,0,1,1,1,56.3,2364.0,56.285714285714285,0,0
0,0,0,0,22,1,0,1,2,0,0,2,0,2,0,1,2,89.05,1886.25,82.01086956521739,0,0
0,0,0,0,57,1,2,1,2,2,2,0,2,2,2,1,0,112.95,6465.0,111.46551724137932,0,1
1,0,0,0,13,1,0,2,1,1,1,1,1,1,1,0,3,19.45,270.2,19.3,0,0
0,0,1,1,61,1,2,1,2,2,2,0,0,2,1,1,1,100.7,6018.65,97.075,0,0
0,0,1,1,1,1,0,2,1,1,1,1,1,1,0,0,3,20.05,20.05,10.025,0,0
0,0,1,1,18,1,0,2,1,1,1,1,1,1,2,0,3,19.35,309.25,16.276315789473685,0,0
1,0,0,0,6,1,2,1,0,0,0,2,0,2,0,1,0,87.95,522.35,74.62142857142858,1,0
0,0,0,0,7,1,0,0,0,0,0,2,2,0,0,1,3,59.5,415.95,51.99375,0,1
0,0,1,1,9,1,2,0,0,2,0,0,0,0,0,1,3,55.3,501.2,50.12,0,0
1,1,1,1,1,1,0,0,0,0,0,2,0,0,0,1,1,49.25,49.25,24.625,0,1
1,0,0,0,9,1,0,1,0,0,0,0,0,2,0,1,2,80.8,713.1,71.31,1,1
0,0,1,0,49,1,0,2,1,1,1,1,1,1,1,0,0,20.45,900.9,18.018,0,0
0,0,0,0,15,1,0,1,2,2,0,0,2,2,0,1,1,99.1,1426.4,89.15,0,1
0,0,1,1,30,1,0,2,1,1,1,1,1,1,1,0,0,19.55,608.5,19.62903225806452,0,0
0,1,1,0,70,1,2,1,0,0,0,0,0,0,2,1,1,75.65,5411.4,76.2169014084507,0,0
1,0,0,0,25,1,0,1,2,0,2,2,2,2,0,1,2,105.5,2686.05,103.3096153846154,0,0
0,0,1,1,49,0,1,0,2,0,0,2,0,0,1,1,1,35.8,1782.0,35.64,0,0
1,0,0,0,18,0,1,0,0,0,0,0,0,0,0,0,3,25.15,476.8,25.094736842105263,0,0
0,0,0,0,25,1,0,2,1,1,1,1,1,1,0,1,1,19.2,532.1,20.46538461538461,0,0
1,0,0,1,23,0,1,0,2,0,2,2,0,0,2,0,3,40.1,857.75,35.739583333333336,0,0
1,0,1,1,67,1,0,1,0,2,2,2,2,2,2,0,0,103.15,6895.5,101.40441176470588,0,0
1,0,1,1,35,1,0,2,1,1,1,1,1,1,2,0,0,20.5,759.35,21.093055555555555,0,0
1,0,0,0,1,1,0,0,0,0,0,0,0,0,0,1,3,45.85,45.85,22.925,1,1
1,0,1,0,72,1,2,1,2,2,2,2,2,2,2,0,1,114.45,8375.05,114.7267123287671,0,0
0,0,0,0,1,1,0,2,1,1,1,1,1,1,0,0,2,20.7,20.7,10.35,0,0
1,1,1,1,60,1,2,1,2,0,0,0,0,0,0,1,2,80.95,4859.1,79.65737704918034,0,0
0,0,0,0,7,1,0,0,2,0,0,0,0,2,1,1,2,59.1,369.25,46.15625,0,0
1,0,0,0,64,1,0,2,1,1,1,1,1,1,2,0,3,19.55,1240.15,19.07923076923077,0,0
0,0,0,0,15,1,0,0,0,2,0,0,0,0,0,0,2,48.85,736.8,46.05,0,0
1,0,1,1,2,1,0,2,1,1,1,1,1,1,1,0,3,19.85,35.9,11.966666666666669,0,1
0,0,0,0,13,1,2,0,2,0,2,0,2,2,0,1,2,78.75,995.35,71.09642857142858,0,0
1,0,0,0,26,1,2,1,0,0,2,0,2,2,0,1,2,98.35,2515.3,93.15925925925929,1,1
0,0,1,0,52,0,1,0,2,0,2,0,0,0,1,0,3,35.45,1958.95,36.96132075471698,0,0
1,0,0,0,1,1,0,2,1,1,1,1,1,1,0,1,0,20.2,20.2,10.1,0,1
0,1,0,0,15,1,2,1,0,2,0,0,0,2,0,0,2,89.85,1424.95,89.059375,1,1
0,0,0,0,2,1,2,1,0,0,0,0,0,0,0,0,1,74.9,147.15,49.05,1,1
0,0,1,1,31,1,2,1,0,2,0,0,0,2,0,1,2,91.15,2995.45,93.6078125,0,1
1,0,0,0,26,1,0,1,0,2,0,0,0,0,1,0,0,75.5,2018.1,74.74444444444444,0,0
0,0,0,0,10,0,1,0,2,0,0,0,0,0,0,0,3,29.75,301.9,27.44545454545454,0,0
1,0,0,0,1,1,0,2,1,1,1,1,1,1,0,0,3,20.05,20.05,10.025,0,0
0,1,0,0,2,1,0,1,0,0,0,0,0,2,0,1,2,79.6,195.05,65.01666666666667,1,1
1,0,0,0,2,1,0,2,1,1,1,1,1,1,1,0,1,19.3,28.3,9.433333333333334,0,1
0,0,1,0,13,0,1,0,0,0,2,0,2,2,0,1,0,48.75,633.4,45.24285714285714,1,1
1,0,1,1,33,1,0,0,2,0,2,0,2,2,1,0,1,74.75,2453.3,72.15588235294118,0,0
0,1,0,0,46,1,0,1,0,2,2,0,2,0,1,1,0,91.3,4126.35,87.79468085106383,0,0
0,0,0,0,13,0,1,0,0,0,2,0,2,2,0,0,2,49.15,649.4,46.385714285714286,0,0
0,1,0,0,37,1,2,1,2,2,0,0,2,2,0,1,0,106.75,4056.75,106.75657894736842,0,1
0,0,1,1,61,1,0,2,1,1,1,1,1,1,1,0,1,19.1,1143.8,18.448387096774194,0,0
1,0,0,0,1,1,0,2,1,1,1,1,1,1,0,0,3,20.8,20.8,10.4,0,0
0,0,1,1,9,1,0,1,0,0,0,2,0,0,0,1,2,75.85,647.5,64.75,0,0
1,0,0,0,3,1,0,1,0,0,0,0,0,0,0,1,3,69.6,207.4,51.85,1,0
1,0,1,0,69,1,0,2,1,1,1,1,1,1,2,0,3,19.9,1363.45,19.477857142857143,0,0
0,0,1,1,62,1,0,2,1,1,1,1,1,1,2,0,0,20.3,1296.15,20.57380952380953,0,0
1,0,0,0,20,1,0,2,1,1,1,1,1,1,2,1,3,19.7,419.4,19.97142857142857,0,0
1,0,0,0,61,1,2,1,2,0,2,0,2,2,1,0,2,104.0,6363.45,102.63629032258063,0,0
0,0,0,0,4,1,2,2,1,1,1,1,1,1,1,0,2,23.9,97.5,19.5,0,0
1,0,1,0,63,1,2,1,0,0,2,0,2,2,2,0,2,102.6,6296.75,98.38671875,0,0
1,0,0,0,50,0,1,0,2,2,0,0,0,0,0,1,3,35.0,1782.4,34.94901960784314,0,0
1,0,0,0,1,1,0,1,0,0,0,0,0,2,0,0,2,80.5,80.5,40.25,1,1
0,0,1,1,70,1,0,0,2,2,2,2,0,2,1,0,1,74.1,5222.3,73.55352112676057,0,0
0,0,1,1,72,1,2,0,0,0,2,0,2,2,2,1,0,76.8,5468.45,74.91027397260274,0,0
0,0,0,0,35,1,0,0,2,2,2,0,0,0,0,0,2,60.55,1982.6,55.07222222222222,0,0
1,0,0,0,12,1,2,0,2,2,0,2,0,0,0,1,2,67.25,832.3,64.02307692307691,0,0
0,0,1,0,56,1,2,1,2,2,2,0,2,2,1,0,0,109.8,6109.65,107.18684210526315,0,0
1,0,0,1,12,1,2,1,0,0,0,0,0,0,0,1,1,73.75,871.4,67.03076923076922,1,1
0,0,0,0,36,1,2,0,0,0,2,0,0,0,1,0,2,55.8,1941.5,52.472972972972975,0,0
0,0,1,0,40,1,2,1,2,0,2,0,2,2,1,0,0,105.75,4228.55,103.13536585365854,0,0
0,0,0,0,3,1,0,2,1,1,1,1,1,1,0,1,3,19.6,59.75,14.9375,0,1
0,1,0,0,40,1,2,1,0,0,2,2,2,2,1,1,1,103.75,4188.4,102.1560975609756,0,0
1,0,1,0,67,1,2,0,2,2,2,2,0,0,2,0,1,70.9,4677.1,68.78088235294118,0,0
0,0,0,0,67,1,0,0,2,0,2,2,0,2,1,1,0,72.35,4991.5,73.40441176470588,0,0
0,0,0,0,7,1,0,0,0,0,0,0,2,2,0,1,2,66.85,458.1,57.2625,1,0
1,0,0,0,3,1,0,1,0,2,2,0,0,2,0,0,2,90.4,268.45,67.1125,1,0
1,0,0,0,42,1,2,1,0,0,0,2,2,2,0,1,2,100.3,4222.95,98.20813953488371,0,0
0,0,1,1,40,1,2,2,1,1,1,1,1,1,0,1,2,26.2,1077.5,26.28048780487805,0,0
0,1,1,0,53,1,0,1,0,2,2,2,2,0,1,1,2,94.0,4871.45,90.21203703703704,0,0
0,0,0,0,3,1,0,2,1,1,1,1,1,1,0,0,2,19.55,61.05,15.2625,0,0
0,1,0,0,9,1,2,1,0,0,2,0,2,0,0,1,2,90.1,816.8,81.67999999999999,1,0
0,0,1,1,72,1,0,2,1,1,1,1,1,1,2,1,1,20.1,1326.25,18.16780821917808,0,0
1,1,0,0,46,1,0,1,2,0,0,0,0,2,0,0,2,85.0,3969.4,84.45531914893617,0,1
0,0,1,1,61,1,2,2,1,1,1,1,1,1,2,1,3,24.1,1551.6,25.0258064516129,0,0
0,0,1,1,54,1,0,0,2,0,2,2,0,2,2,0,0,69.95,3871.85,70.39727272727272,0,0
1,0,0,0,11,0,1,0,0,0,2,0,2,0,1,1,2,41.6,470.6,39.21666666666667,0,1
0,0,1,0,29,1,0,2,1,1,1,1,1,1,2,1,3,19.55,521.8,17.39333333333333,0,0
1,0,1,1,67,1,2,1,2,2,2,0,2,2,1,1,2,111.3,7482.1,110.03088235294118,0,1
1,0,1,1,49,1,2,1,0,0,0,2,2,2,1,1,2,97.95,4917.9,98.358,0,0
1,0,1,0,72,1,2,1,2,2,0,2,0,2,2,1,0,100.55,7325.1,100.34383561643835,0,0
0,0,1,1,71,1,0,0,2,2,2,2,2,2,2,0,1,87.25,6328.7,87.89861111111111,0,0
0,1,0,0,44,1,0,0,0,0,2,2,2,2,1,0,0,74.85,3268.05,72.62333333333333,0,0
1,0,1,1,41,1,0,0,2,2,2,0,0,0,1,1,0,60.3,2511.3,59.79285714285714,0,0
0,0,0,0,11,1,2,0,0,0,0,0,0,2,0,1,3,58.95,601.6,50.13333333333333,1,0
0,0,0,0,13,1,0,2,1,1,1,1,1,1,0,1,3,19.3,279.3,19.95,0,0
0,1,1,0,55,1,0,1,0,0,2,2,2,0,2,0,1,88.8,4805.3,85.80892857142858,0,0
0,0,0,0,11,1,0,0,2,0,0,0,0,0,0,0,1,48.55,501.0,41.75,0,1
0,0,0,1,48,0,1,0,0,2,2,0,0,2,0,0,1,45.55,2108.35,43.02755102040816,0,0
1,0,0,0,31,1,2,1,0,0,0,2,0,0,1,0,1,81.7,2548.65,79.6453125,0,0
1,0,0,0,63,1,0,1,2,2,2,2,2,2,2,0,1,109.2,7049.75,110.15234375,0,0
0,1,1,1,61,1,2,0,0,0,2,0,2,0,1,1,2,65.2,3965.05,63.95241935483871,0,0
0,0,1,1,72,1,2,2,1,1,1,1,1,1,2,0,1,24.25,1784.5,24.445205479452056,0,0
0,0,1,1,53,1,0,1,0,2,2,2,2,2,0,1,0,108.25,5935.1,109.90925925925929,0,0
0,1,0,0,7,1,0,0,2,0,0,0,0,0,0,1,2,48.2,340.35,42.54375,0,0
0,0,1,1,28,1,0,1,0,0,0,0,0,2,0,1,2,81.05,2227.1,76.79655172413793,0,1
0,0,0,0,16,1,2,1,0,0,0,0,0,0,0,0,2,72.65,1194.3,70.25294117647059,0,1
0,0,0,1,7,1,0,1,0,0,0,0,0,0,0,1,2,71.05,472.65,59.08125,1,0
0,0,0,0,5,1,2,0,0,2,0,0,0,2,0,1,2,64.0,370.25,61.708333333333336,0,0
0,0,1,1,71,1,2,2,1,1,1,1,1,1,2,0,1,23.9,1663.5,23.104166666666668,0,0
1,0,1,1,7,0,1,0,2,0,0,2,0,0,0,1,2,34.5,279.25,34.90625,0,1
1,1,0,0,11,1,2,1,0,2,2,2,2,2,0,1,2,111.4,1183.05,98.5875,1,0
1,0,0,0,52,0,1,0,2,2,2,2,2,2,2,0,1,63.9,3334.95,62.92358490566038,0,0
0,0,0,0,49,1,0,0,2,2,2,2,0,0,2,0,0,67.4,3306.85,66.137,0,0
1,0,0,0,19,1,0,2,1,1,1,1,1,1,1,0,3,18.8,279.2,13.96,0,0
1,0,0,0,2,1,0,1,0,0,0,0,0,2,0,1,2,80.95,171.15,57.05,1,1
1,0,1,0,52,1,2,1,0,2,0,2,0,2,0,1,1,95.65,5088.4,96.00754716981132,0,0
1,0,1,0,23,1,2,1,0,2,2,0,0,0,0,0,2,84.25,1968.1,82.00416666666666,0,0
1,1,0,0,8,1,0,1,0,0,0,0,0,0,0,1,2,69.7,572.85,63.650000000000006,1,0
0,1,1,1,65,1,2,1,0,0,2,2,2,2,1,1,0,103.9,6767.1,102.53181818181818,0,0
1,0,0,1,2,1,0,0,0,0,0,0,0,2,0,1,2,55.3,108.65,36.21666666666667,1,0
0,0,1,0,62,1,2,2,1,1,1,1,1,1,2,0,0,23.65,1416.75,22.48809523809524,0,0
1,0,0,0,3,1,0,1,0,0,2,2,2,0,0,1,3,89.85,244.45,61.1125,1,0
1,0,1,1,49,1,2,1,0,2,2,0,2,0,1,1,2,93.65,4520.15,90.403,0,0
0,0,0,1,15,1,0,1,0,0,0,0,0,0,0,0,0,69.0,994.8,62.175,0,1
0,0,0,1,41,1,0,2,1,1,1,1,1,1,1,1,1,20.25,865.0,20.59523809523809,0,0
0,1,0,0,46,1,2,1,0,2,2,0,2,2,0,1,2,104.45,4863.85,103.48617021276596,1,0
1,0,0,0,56,1,2,2,1,1,1,1,1,1,2,1,0,25.95,1444.05,25.33421052631579,0,0
1,0,0,0,48,1,2,1,2,0,0,2,0,2,0,1,2,95.4,4445.3,90.7204081632653,0,0
1,0,0,0,2,1,0,1,0,0,0,0,0,0,0,0,3,70.7,129.2,43.06666666666666,1,0
0,0,1,1,72,1,2,2,1,1,1,1,1,1,2,0,0,23.75,1679.25,23.003424657534246,0,0
1,0,1,0,45,1,0,0,2,2,2,0,2,2,1,0,0,78.8,3597.5,78.20652173913044,0,0
1,0,1,1,37,1,2,0,2,0,2,2,0,0,2,1,1,62.8,2278.75,59.9671052631579,0,0
0,0,0,0,61,1,2,1,0,0,2,0,0,2,0,0,3,89.2,5500.6,88.71935483870968,0,0
0,0,0,0,60,1,0,2,1,1,1,1,1,1,2,0,3,20.6,1093.0,17.918032786885245,0,0
0,1,1,0,2,1,0,0,0,2,0,0,0,0,0,0,1,50.15,115.1,38.36666666666667,0,1
0,0,1,1,63,1,0,0,2,2,2,2,2,0,2,0,1,75.55,4707.85,73.56015625,0,0
0,1,0,0,4,1,2,1,0,0,0,0,0,2,0,1,2,84.6,360.1,72.02000000000001,1,1
1,0,0,0,62,1,2,1,2,2,0,2,0,2,1,0,2,102.0,6529.25,103.63888888888889,0,1
0,0,0,0,62,1,2,1,2,2,2,0,0,0,1,1,2,92.05,5755.8,91.36190476190475,0,0
1,0,0,0,69,1,2,1,0,2,2,2,2,0,2,1,1,97.65,6743.55,96.33642857142856,0,0
0,0,0,0,4,1,0,1,0,2,2,2,2,2,1,1,2,105.65,443.9,88.78,0,1
0,0,1,0,49,0,1,0,0,2,0,2,2,2,1,1,1,56.3,2780.6,55.612,0,0
1,0,0,0,51,1,2,0,2,2,2,2,2,0,1,1,1,81.15,4126.2,79.35,0,0
1,0,0,0,26,0,1,0,2,2,0,0,0,2,0,1,0,44.65,1156.55,42.83518518518518,0,0
0,0,0,0,9,1,0,0,0,0,0,0,0,0,0,1,2,43.75,405.7,40.57,0,0
0,0,0,0,57,1,2,1,0,2,0,2,0,2,1,0,2,94.7,5468.95,94.29224137931034,0,0
0,0,1,0,37,1,0,2,1,1,1,1,1,1,0,0,0,19.5,805.2,21.18947368421053,0,0
1,0,0,0,30,1,0,1,0,2,0,0,2,2,1,1,0,97.0,3021.3,97.46129032258064,0,0
0,1,1,1,70,1,2,1,0,2,2,2,2,2,1,1,2,107.9,7475.85,105.293661971831,0,0
1,0,0,1,22,1,0,1,0,2,2,0,2,0,0,1,2,89.4,2001.5,87.02173913043478,0,1
1,0,0,0,39,0,1,0,2,2,0,2,2,0,0,1,1,48.95,1880.85,47.02125,0,1
0,1,1,0,33,1,2,1,0,2,0,0,0,0,0,1,0,80.6,2656.5,78.13235294117646,0,1
1,0,0,0,60,1,2,1,2,2,2,2,2,2,1,1,1,116.6,7049.5,115.5655737704918,0,0
0,0,1,1,1,1,0,2,1,1,1,1,1,1,0,0,2,19.45,19.45,9.725,0,0
0,0,1,1,12,1,0,0,0,0,2,0,2,0,0,1,1,58.35,740.55,56.965384615384615,0,0
0,0,1,1,51,1,0,2,1,1,1,1,1,1,2,0,3,19.95,1028.75,19.783653846153847,0,0
0,0,1,1,22,1,0,1,0,0,0,0,0,2,0,1,2,80.15,1790.65,77.85434782608696,0,0
1,0,1,1,1,1,0,2,1,1,1,1,1,1,1,0,3,18.8,18.8,9.4,0,0
1,0,1,1,39,1,2,1,0,0,2,0,2,2,1,0,2,100.0,3835.55,95.88875,0,0
0,0,0,0,4,1,2,1,0,2,0,2,0,2,0,1,2,93.5,362.2,72.44,1,1
0,0,0,0,39,1,0,1,0,0,2,2,0,0,2,1,2,80.45,3201.55,80.03875000000001,0,1
1,1,1,0,69,1,2,1,2,2,0,0,0,0,0,1,1,84.9,5785.65,82.65214285714285,0,0
1,1,1,0,8,1,0,0,0,0,2,2,0,2,0,1,1,64.4,581.7,64.63333333333334,0,0
1,0,1,0,68,1,2,2,1,1,1,1,1,1,2,0,1,25.05,1629.2,23.61159420289855,0,0
0,1,0,0,2,1,0,1,0,0,0,0,0,0,0,0,2,70.75,154.85,51.61666666666667,1,1
1,1,1,0,24,0,1,0,2,0,0,0,0,2,0,0,0,39.1,971.3,38.852,0,1
0,0,1,0,42,1,2,0,0,0,0,0,0,0,0,1,2,50.25,2203.65,51.24767441860465,0,1
0,0,1,0,59,1,2,0,0,2,0,2,2,2,1,1,2,80.1,4693.2,78.22,0,0
1,0,1,1,1,1,0,1,0,0,0,0,0,2,0,0,2,80.0,80.0,40.0,1,1
0,0,1,1,46,0,1,0,2,2,0,0,0,0,0,0,0,35.05,1620.25,34.473404255319146,0,0
1,0,0,0,4,0,1,0,0,0,2,0,0,0,0,1,2,29.65,118.5,23.7,1,1
1,0,1,1,11,1,0,2,1,1,1,1,1,1,0,1,2,20.45,250.8,20.9,0,0
1,0,1,0,59,1,0,0,2,2,2,0,2,0,1,0,1,66.4,3958.2,65.97,0,0
0,0,1,1,53,1,0,0,0,0,2,0,0,2,1,0,1,60.6,3297.0,61.05555555555556,0,0
0,0,0,0,3,1,0,0,0,0,0,0,2,0,0,1,2,54.2,140.4,35.1,1,0
0,0,1,0,72,1,2,2,1,1,1,1,1,1,2,1,0,25.25,1841.2,25.221917808219175,0,0
1,0,0,0,9,1,0,2,1,1,1,1,1,1,0,1,3,18.95,185.6,18.56,0,1
1,0,1,1,24,1,0,2,1,1,1,1,1,1,1,1,1,20.8,469.65,18.786,0,0
0,1,1,0,45,1,0,1,0,0,2,0,0,2,0,1,2,86.1,3861.45,83.9445652173913,0,0
0,0,1,0,49,0,1,0,2,0,0,0,2,0,0,0,0,40.65,2070.75,41.415,0,0
0,0,1,0,61,1,2,2,1,1,1,1,1,1,2,0,3,24.4,1417.9,22.86935483870968,0,0
1,0,0,0,2,1,0,1,0,0,0,0,0,0,0,1,2,70.3,144.0,48.0,1,0
0,0,0,0,5,1,0,1,0,0,0,2,0,2,0,1,1,85.4,425.9,70.98333333333333,1,1
0,0,0,0,2,0,1,0,2,2,0,0,0,2,0,1,2,42.6,72.4,24.133333333333336,1,1
1,0,0,0,25,1,2,0,2,2,2,2,0,2,0,0,0,81.75,2028.8,78.03076923076922,0,0
0,0,1,0,60,1,2,1,0,2,2,0,2,2,0,1,2,106.15,6411.25,105.10245901639344,0,0
1,0,1,1,51,1,2,1,2,2,0,2,2,2,1,0,1,110.05,5686.4,109.35384615384616,0,0
1,0,1,1,2,1,2,0,2,0,0,0,0,0,0,0,3,56.7,113.55,37.85,0,1
1,1,1,0,62,1,2,1,0,2,2,0,2,2,1,1,2,103.75,6383.35,101.32301587301588,0,1
1,0,1,0,52,1,2,0,2,2,2,2,0,2,1,1,1,81.4,4354.45,82.15943396226415,0,0
1,0,0,0,68,1,2,0,2,2,2,0,0,2,1,1,1,76.9,5023.0,72.79710144927536,0,0
0,0,0,0,22,1,2,1,0,0,0,0,2,0,0,1,0,84.15,1821.95,79.21521739130435,1,0
1,1,1,0,1,0,1,0,0,0,0,0,0,0,0,0,2,25.05,25.05,12.525,1,1
1,1,0,0,3,0,1,0,0,0,2,0,0,2,0,1,2,41.15,132.2,33.05,1,1
0,1,0,0,16,1,2,1,0,0,0,0,2,2,0,1,2,96.4,1581.2,93.01176470588236,1,1
0,1,0,0,32,1,0,1,0,2,0,0,0,0,0,1,2,74.4,2276.95,68.99848484848485,0,1
1,0,0,0,50,1,2,2,1,1,1,1,1,1,2,0,0,24.9,1195.25,23.436274509803923,0,0
1,0,1,1,1,1,0,0,2,0,0,0,0,0,0,1,3,48.75,48.75,24.375,0,0
0,0,0,0,6,1,0,1,0,0,2,0,0,2,0,0,2,83.9,497.55,71.07857142857144,1,1
1,0,0,0,1,1,0,0,0,2,0,0,0,0,0,1,2,50.75,50.75,25.375,1,1
0,0,1,1,29,1,0,2,1,1,1,1,1,1,2,0,3,20.2,558.8,18.626666666666665,0,0
1,0,0,0,1,1,0,2,1,1,1,1,1,1,0,1,3,19.3,19.3,9.65,0,1
0,0,0,0,58,1,0,1,0,0,0,2,2,2,0,1,2,95.3,5817.7,98.60508474576272,0,0
1,1,1,1,35,1,0,0,0,2,0,2,2,2,0,1,2,76.05,2747.2,76.3111111111111,0,0
1,0,0,0,43,1,0,2,1,1,1,1,1,1,2,0,3,19.55,876.15,19.9125,0,0
0,0,0,0,41,1,0,0,0,0,0,2,0,0,1,0,0,50.05,2029.05,48.31071428571428,0,0
0,0,1,1,47,1,0,2,1,1,1,1,1,1,2,0,0,19.3,890.5,18.55208333333333,0,0
0,0,0,0,33,1,2,1,0,2,0,0,2,2,0,1,2,100.0,3320.6,97.66470588235292,1,0
1,0,0,0,67,1,0,2,1,1,1,1,1,1,2,0,0,20.5,1430.95,21.043382352941176,0,0
0,0,1,0,72,1,0,2,1,1,1,1,1,1,2,0,0,19.4,1496.45,20.49931506849315,0,0
1,0,1,1,50,1,2,0,0,0,2,0,0,0,1,0,0,54.9,2614.1,51.25686274509804,0,0
1,1,1,0,49,1,0,0,0,2,0,0,0,0,2,0,3,49.8,2398.4,47.968,0,0
1,0,0,0,4,1,2,1,0,0,0,0,0,0,0,1,2,74.35,265.35,53.07000000000001,1,1
1,0,1,0,61,1,0,1,0,2,2,2,0,2,0,0,1,94.15,5731.85,92.4491935483871,0,0
1,0,1,1,7,1,0,2,1,1,1,1,1,1,1,0,3,20.65,150.0,18.75,0,0
1,1,0,0,14,1,0,1,0,0,0,0,2,2,0,0,1,90.45,1266.1,84.40666666666667,1,1
0,0,1,0,26,1,0,0,0,2,0,2,2,2,0,1,2,73.05,1959.5,72.57407407407408,0,0
0,1,0,0,35,1,0,1,0,0,0,0,0,0,0,0,2,70.55,2419.0,67.19444444444444,0,0
0,1,1,0,54,1,0,1,0,0,2,2,2,2,1,1,2,99.1,5437.1,98.85636363636364,0,0
0,0,0,0,8,1,2,1,0,0,0,0,2,2,0,0,0,95.65,778.1,86.45555555555556,1,1
1,0,0,1,1,1,0,1,0,0,0,0,0,0,0,1,2,71.65,71.65,35.825,1,1
0,0,1,1,67,1,2,1,2,0,2,2,0,2,1,1,0,100.25,6689.0,98.36764705882354,0,0
0,0,0,1,24,1,0,2,1,1,1,1,1,1,2,0,3,19.75,498.1,19.924,0,0
0,0,1,1,64,1,2,2,1,1,1,1,1,1,1,0,3,24.9,1595.5,24.54615384615385,0,0
0,1,1,1,34,1,2,1,0,2,0,0,0,0,0,1,3,79.6,2718.3,77.66571428571429,0,1
1,0,1,1,8,1,0,2,1,1,1,1,1,1,1,0,1,19.9,153.95,17.105555555555554,0,0
0,0,0,0,6,1,0,2,1,1,1,1,1,1,0,0,3,20.2,123.65,17.664285714285715,0,0
1,0,0,0,13,1,2,1,0,0,0,2,2,2,0,1,3,99.0,1301.7,92.97857142857144,1,1
1,0,1,1,62,1,2,2,1,1,1,1,1,1,2,1,0,24.25,1424.6,22.61269841269841,0,0
1,0,1,0,34,1,2,1,0,0,2,0,2,2,0,1,2,100.05,3480.0,99.42857142857144,1,1
1,0,0,0,9,1,2,1,0,2,0,0,2,2,0,1,1,99.3,918.75,91.875,1,0
1,0,0,0,22,1,0,2,1,1,1,1,1,1,1,0,1,20.3,467.15,20.31086956521739,0,0
1,0,0,1,40,1,0,0,2,2,0,0,0,0,0,1,3,55.25,2139.2,52.17560975609756,0,1
0,1,1,0,35,1,2,1,2,2,0,2,2,0,0,1,0,100.5,3653.35,101.48194444444444,0,1
1,0,0,0,7,1,2,2,1,1,1,1,1,1,0,0,3,23.5,173.0,21.625,0,0
1,1,0,0,32,1,0,2,1,1,1,1,1,1,1,0,1,19.8,587.7,17.809090909090912,0,0
1,0,0,1,61,1,0,2,1,1,1,1,1,1,2,0,3,19.75,1124.2,18.13225806451613,0,0
1,0,0,0,2,1,0,2,1,1,1,1,1,1,0,0,3,20.75,44.2,14.733333333333334,0,0
0,0,1,0,56,1,2,1,0,0,2,2,2,2,2,0,0,103.2,5744.35,100.7780701754386,0,0
0,1,1,0,65,1,2,1,0,2,2,0,2,2,1,1,2,106.25,6979.8,105.75454545454544,0,1
0,0,1,1,28,1,2,0,0,0,0,0,0,0,0,0,3,49.9,1410.25,48.62931034482759,0,0
1,0,0,0,18,1,2,0,2,0,2,0,2,0,0,0,3,69.5,1199.4,63.126315789473686,0,0
0,0,1,1,71,1,2,0,2,2,2,2,2,2,2,1,1,90.55,6239.05,86.65347222222222,0,0
1,0,0,0,72,1,2,0,0,2,2,2,2,2,2,1,0,88.6,6201.95,84.95821917808219,0,0
1,1,0,0,1,1,2,1,0,0,0,0,0,0,0,1,2,76.45,76.45,38.225,1,1
1,0,0,0,1,1,0,2,1,1,1,1,1,1,0,0,3,19.75,19.75,9.875,0,1
0,0,0,0,34,1,0,2,1,1,1,1,1,1,0,0,3,20.35,673.2,19.234285714285715,0,0
0,0,0,0,8,1,2,1,0,0,0,0,2,0,0,1,2,87.05,762.1,84.67777777777778,1,1
0,0,0,0,47,1,2,1,0,2,2,0,2,2,0,1,2,106.4,5127.95,106.83229166666666,1,1
0,0,1,1,72,1,2,2,1,1,1,1,1,1,2,1,0,24.05,1709.15,23.413013698630134,0,0
0,0,1,1,52,1,2,2,1,1,1,1,1,1,2,1,0,25.05,1270.25,23.96698113207547,0,0
1,0,0,0,3,1,0,2,1,1,1,1,1,1,0,0,3,19.85,64.55,16.1375,0,1
0,0,1,0,60,0,1,0,2,2,0,2,0,0,2,0,0,37.7,2288.7,37.51967213114754,0,0
0,0,0,0,3,1,2,1,0,0,0,0,2,2,0,1,2,96.6,291.9,72.975,1,1
1,0,0,0,19,1,2,1,0,0,0,0,0,2,0,1,0,86.0,1532.45,76.6225,1,1
1,0,0,0,1,1,0,1,0,0,0,0,0,0,0,1,2,69.9,69.9,34.95,1,0
0,0,1,0,6,1,2,1,0,2,2,0,2,2,0,1,2,105.3,545.2,77.88571428571429,1,1
1,0,1,1,49,1,0,0,2,2,0,2,0,0,0,0,1,59.6,2970.3,59.406000000000006,0,0
1,1,0,0,22,1,2,1,0,0,0,2,2,0,0,1,0,90.5,1910.6,83.0695652173913,1,1
0,0,1,1,42,1,0,2,1,1,1,1,1,1,1,1,2,19.05,761.85,17.717441860465115,0,0
1,1,1,0,46,1,2,1,0,0,2,0,2,2,0,1,2,98.85,4564.9,97.1255319148936,1,0
1,0,0,0,68,0,1,0,0,0,2,0,0,2,0,1,0,39.9,2796.35,40.5268115942029,0,0
0,0,0,1,2,1,0,2,1,1,1,1,1,1,1,0,0,20.5,38.25,12.75,0,0
1,0,0,1,0,1,0,2,1,1,1,1,1,1,2,0,3,20.25,1397.475,1397.475,0,0
0,0,1,1,35,1,2,0,2,0,2,2,2,0,0,0,2,72.25,2568.55,71.34861111111111,0,1
0,0,0,0,2,1,0,2,1,1,1,1,1,1,0,0,3,19.5,27.55,9.183333333333334,0,0
1,0,1,1,68,1,0,0,2,2,2,2,0,0,2,0,1,62.65,4375.8,63.41739130434783,0,0
1,0,1,0,16,1,2,1,0,0,0,0,0,0,0,1,2,75.4,1189.4,69.96470588235294,1,0
1,0,1,0,72,1,2,1,2,0,2,2,2,2,2,1,1,110.9,8240.85,112.88835616438357,0,0
1,0,1,0,37,1,2,1,0,0,2,2,2,0,2,0,3,94.3,3460.95,91.07763157894736,0,0
1,0,1,1,53,1,2,2,1,1,1,1,1,1,2,0,1,25.55,1336.1,24.74259259259259,0,0
0,0,0,0,40,1,2,1,0,0,0,0,0,2,0,0,0,83.85,3532.25,86.15243902439025,0,0
0,0,0,0,46,1,2,1,0,2,2,0,0,2,1,1,2,94.15,4408.45,93.7968085106383,0,0
1,0,0,0,3,1,2,1,0,0,2,0,2,2,0,1,2,100.95,329.95,82.4875,1,1
0,0,0,0,1,1,0,1,0,0,2,0,0,0,0,0,2,75.3,75.3,37.65,1,1
1,0,0,0,7,1,0,2,1,1,1,1,1,1,0,0,2,19.25,112.3,14.0375,0,1
1,0,0,0,6,0,1,0,0,2,0,0,0,0,0,1,1,30.5,208.7,29.814285714285717,0,1
1,0,0,0,46,1,2,1,2,0,0,0,2,0,0,1,1,89.15,4245.55,90.3308510638298,0,0
0,0,1,0,54,1,2,0,0,0,0,0,2,2,1,1,1,70.15,3715.65,67.55727272727273,0,1
1,1,0,0,15,1,0,1,0,0,0,0,0,2,0,1,2,79.4,1156.1,72.25625,1,1
1,0,0,0,3,1,2,1,0,0,0,0,0,2,0,1,2,85.3,264.8,66.2,1,1
1,0,1,1,70,1,0,2,1,1,1,1,1,1,2,0,1,20.05,1360.25,19.158450704225352,0,0
1,0,0,1,39,1,2,1,0,0,0,2,2,2,2,0,3,100.55,3895.35,97.38375,0,0
1,0,1,0,2,1,0,2,1,1,1,1,1,1,0,0,3,20.0,38.0,12.666666666666666,0,0
1,0,0,0,18,1,2,1,0,0,0,0,0,0,0,1,0,75.6,1395.05,73.42368421052632,0,0
1,1,0,0,72,1,2,2,1,1,1,1,1,1,2,1,1,25.1,1789.9,24.519178082191782,0,0
1,0,0,1,47,1,0,0,2,2,0,0,0,0,0,1,2,55.3,2654.05,55.29270833333334,0,0
0,0,1,1,22,1,0,2,1,1,1,1,1,1,0,0,3,19.9,400.3,17.40434782608696,0,0
1,0,1,1,71,1,2,0,2,2,2,2,2,2,2,0,1,89.9,6457.15,89.68263888888889,0,0
1,0,0,0,8,1,2,1,0,0,0,0,0,0,0,1,2,74.85,572.45,63.60555555555556,1,0
0,0,1,1,71,1,0,2,1,1,1,1,1,1,2,0,0,19.9,1389.35,19.296527777777776,0,0
0,0,0,0,53,1,0,1,0,2,2,2,0,2,1,1,1,94.45,5042.75,93.38425925925924,0,0
1,1,1,0,37,1,0,1,0,0,0,0,0,0,0,1,0,72.25,2575.45,67.77499999999999,0,0
1,0,1,0,64,1,2,0,0,2,0,2,0,2,1,1,3,70.15,4480.7,68.93384615384615,0,0
1,0,0,1,5,1,0,0,0,0,0,2,0,0,0,1,0,48.65,235.2,39.2,0,0
0,0,0,0,60,1,2,1,0,2,2,0,2,2,2,0,2,104.7,6333.8,103.83278688524592,0,0
1,0,0,0,2,1,0,0,0,2,0,0,0,0,0,1,3,50.3,92.75,30.916666666666668,0,0
0,0,0,0,25,0,1,0,0,0,2,2,2,2,1,0,2,54.2,1423.15,54.73653846153847,0,0
0,0,1,1,6,1,0,2,1,1,1,1,1,1,0,0,3,19.7,113.5,16.214285714285715,0,0
1,0,1,1,60,1,2,1,2,0,2,2,2,2,2,1,2,110.6,6586.85,107.9811475409836,0,0
0,0,0,0,30,1,2,1,0,2,0,0,2,2,0,1,2,100.2,2983.8,96.25161290322582,1,1
1,0,0,0,67,0,1,0,2,0,2,2,2,0,1,1,0,49.35,3321.35,48.84338235294118,0,0
1,0,0,0,53,1,2,2,1,1,1,1,1,1,1,0,0,24.05,1301.9,24.10925925925926,0,0
0,0,1,1,10,1,0,0,0,0,2,2,0,0,0,0,1,55.2,528.35,48.03181818181818,0,1
0,0,0,0,1,1,0,0,0,0,0,2,0,0,0,1,2,52.2,52.2,26.1,0,1
1,0,1,0,55,0,1,0,0,0,2,2,2,2,0,1,0,54.55,2978.3,53.183928571428574,0,1
0,0,0,0,70,1,2,0,2,2,2,0,2,2,2,0,3,84.7,5991.05,84.38098591549296,0,0
0,0,1,0,34,1,0,0,0,0,0,2,0,0,0,0,0,50.2,1815.3,51.86571428571428,0,0
0,0,0,0,68,1,2,1,2,2,0,2,2,2,2,0,1,110.25,7279.35,105.49782608695652,0,0
0,0,1,0,59,1,2,1,2,2,2,0,2,2,1,1,1,109.15,6557.75,109.29583333333332,0,0
0,0,0,0,9,1,0,1,2,0,0,0,0,0,0,1,2,74.85,708.2,70.82000000000001,0,0
1,0,0,0,6,1,0,1,0,0,0,0,2,0,0,1,1,80.5,463.05,66.15,1,1
1,0,1,0,50,1,2,1,2,0,2,0,2,2,1,1,2,103.95,5231.3,102.57450980392156,0,0
0,1,1,1,72,1,2,0,2,2,2,2,2,2,2,0,1,92.45,6440.25,88.22260273972603,0,1
1,1,1,0,41,0,1,0,0,2,2,0,2,2,0,1,2,53.95,2215.4,52.74761904761905,0,0
1,0,0,0,4,1,0,0,0,0,0,2,0,0,0,1,3,50.8,202.3,40.46,0,0
1,0,1,1,47,0,1,0,2,0,2,2,0,0,1,0,2,40.3,1794.8,37.391666666666666,0,0
1,0,1,1,62,1,2,1,2,2,0,0,2,0,1,1,1,94.95,5791.85,91.934126984127,0,0
0,0,1,1,18,1,0,2,1,1,1,1,1,1,0,0,3,20.45,357.0,18.789473684210527,0,0
0,0,1,0,3,1,2,1,0,0,0,0,0,0,0,1,2,75.85,256.6,64.15,1,1
1,0,0,0,65,1,2,2,1,1,1,1,1,1,2,1,0,25.1,1725.0,26.13636363636364,0,0
1,0,1,0,59,1,2,1,0,0,0,0,0,2,1,0,2,85.55,5084.65,84.74416666666666,0,1
0,0,0,0,60,1,0,0,0,2,2,2,2,0,1,1,1,70.15,4224.7,69.25737704918032,0,0
0,0,0,0,10,1,0,2,1,1,1,1,1,1,0,1,3,20.55,187.35,17.03181818181818,0,0
1,0,1,1,7,0,1,0,2,2,2,0,0,0,2,0,3,38.55,280.0,35.0,0,0
1,0,0,0,28,1,0,1,0,0,2,2,0,2,0,0,2,91.0,2626.15,90.55689655172414,0,0
1,1,1,0,29,1,2,1,0,0,0,2,0,0,0,1,2,79.3,2414.55,80.485,0,0
1,0,1,1,0,1,0,2,1,1,1,1,1,1,1,1,3,19.7,1397.475,1397.475,0,0
0,0,0,0,37,1,2,0,2,0,0,0,2,0,1,0,0,64.65,2347.85,61.78552631578947,0,0
0,0,1,1,45,1,2,2,1,1,1,1,1,1,2,1,0,24.65,1138.8,24.756521739130434,0,0
1,0,1,0,61,1,2,0,0,2,2,0,2,2,1,1,2,79.8,4914.8,79.2709677419355,0,0
0,0,1,0,64,1,0,2,1,1,1,1,1,1,2,0,1,19.45,1208.6,18.59384615384615,0,0
1,0,1,1,63,1,2,1,0,2,0,0,0,2,1,1,2,91.35,5764.7,90.0734375,0,0
0,1,1,0,37,1,2,1,0,0,0,0,0,0,0,1,2,76.5,2868.15,75.47763157894737,0,1
0,1,1,0,72,1,2,2,1,1,1,1,1,1,2,0,0,24.3,1778.7,24.36575342465753,0,0
0,0,1,1,66,1,2,0,2,2,2,2,2,2,2,0,1,89.9,5958.85,88.93805970149255,0,0
0,0,0,0,1,1,2,1,0,0,0,0,2,2,0,0,3,95.65,95.65,47.825,1,1
0,0,1,0,9,1,0,1,0,0,0,0,0,2,0,1,2,79.75,769.1,76.91,1,0
1,0,0,0,1,0,1,0,0,0,0,0,0,0,0,0,3,25.35,25.35,12.675,1,0
0,1,0,0,4,1,0,1,0,2,2,0,2,2,0,1,1,99.8,442.85,88.57000000000001,1,1
0,1,1,0,38,1,2,1,0,0,0,0,0,0,0,1,0,74.95,2869.85,73.58589743589744,0,1
1,0,1,1,44,1,0,0,0,2,2,2,0,0,0,1,3,61.9,2924.05,64.97888888888889,0,0
0,0,1,0,22,1,0,0,0,2,2,0,0,0,0,1,3,54.7,1178.75,51.25,0,0
0,0,0,0,53,1,2,1,2,0,2,0,2,2,1,1,1,106.95,5785.5,107.13888888888889,0,1
1,1,1,0,23,1,0,1,0,0,0,0,2,2,0,1,2,90.45,2117.25,88.21875,1,0
0,0,0,0,20,1,0,2,1,1,1,1,1,1,0,1,1,18.9,347.65,16.554761904761904,0,0
1,0,0,0,51,1,2,2,1,1,1,1,1,1,2,0,3,24.75,1234.6,23.74230769230769,0,0
1,0,1,1,62,1,0,2,1,1,1,1,1,1,2,0,1,20.65,1218.45,19.340476190476192,0,0
1,0,0,0,7,1,0,2,1,1,1,1,1,1,0,1,3,18.95,130.55,16.31875,0,0
0,0,0,0,17,1,0,1,0,2,0,0,2,0,0,1,2,83.55,1329.15,73.84166666666667,1,0
1,0,0,1,41,1,0,0,2,2,2,0,2,0,1,0,3,70.2,2894.55,68.91785714285714,0,0
0,0,0,0,7,1,0,1,0,2,0,0,2,2,1,1,3,94.05,633.45,79.18125,1,0
1,0,0,1,1,1,2,0,0,0,0,0,0,0,0,1,2,50.05,50.05,25.025,1,0
0,0,1,0,64,1,2,0,0,0,2,2,0,0,1,0,0,58.35,3756.45,57.79153846153846,0,0
0,0,0,0,3,1,2,1,0,0,0,0,0,0,0,1,2,75.5,220.6,55.15,1,1
0,1,1,0,50,1,0,1,0,0,0,0,0,0,0,1,2,71.05,3444.85,67.54607843137255,0,1
1,0,1,0,18,1,2,0,0,2,0,0,0,0,0,0,1,56.8,1074.65,56.56052631578948,0,0
0,0,1,1,13,1,0,0,0,0,0,0,0,2,0,0,2,55.95,734.35,52.45357142857143,0,1
1,0,1,1,69,1,0,0,2,2,0,2,2,2,2,0,0,80.65,5542.55,79.17928571428571,0,0
0,0,0,0,1,1,2,1,0,2,0,0,0,0,0,1,3,79.15,79.15,39.575,1,0
1,0,0,0,4,1,2,1,2,0,0,0,2,0,0,0,2,90.65,367.95,73.59,1,0
1,0,0,0,1,1,0,0,0,0,0,0,2,0,0,1,3,53.5,53.5,26.75,1,1
1,0,1,1,25,1,0,0,0,2,2,0,0,0,1,0,3,53.65,1355.45,52.13269230769231,0,0
0,0,1,1,18,1,0,0,0,0,0,0,2,0,0,0,3,55.95,1082.8,56.98947368421052,0,0
1,0,1,1,48,1,2,2,1,1,1,1,1,1,2,0,3,23.55,1173.35,23.945918367346938,0,0
1,0,0,0,26,1,0,2,1,1,1,1,1,1,1,1,1,20.65,595.5,22.05555555555556,0,0
1,0,0,0,1,1,0,1,0,0,0,0,0,0,0,1,2,69.1,69.1,34.55,1,1
0,0,0,1,4,0,1,0,2,2,2,0,2,2,0,1,3,57.2,223.75,44.75,1,0
1,0,0,0,1,1,0,2,1,1,1,1,1,1,0,0,3,20.3,20.3,10.15,0,0
1,0,1,1,11,1,2,1,0,0,0,0,0,0,0,1,2,74.35,834.2,69.51666666666667,1,1
1,0,1,1,4,1,0,0,0,0,0,2,0,2,0,0,1,61.45,229.55,45.91,0,1
0,1,0,0,8,1,0,2,1,1,1,1,1,1,0,0,2,19.65,164.3,18.25555555555556,0,1
0,0,1,0,6,1,2,1,0,2,0,0,0,2,0,1,2,90.75,512.25,73.17857142857143,1,0
1,0,0,0,72,1,2,0,2,2,2,2,2,2,2,0,0,92.0,6632.75,90.85958904109587,0,0
0,0,0,0,27,1,0,0,2,2,0,0,0,0,2,0,0,52.85,1498.65,53.52321428571429,0,0
0,1,0,1,1,1,0,1,0,0,0,0,0,0,0,1,2,71.0,71.0,35.5,1,1
0,0,0,0,17,1,0,2,1,1,1,1,1,1,1,0,3,20.15,353.65,19.647222222222226,0,0
1,0,0,0,66,1,2,0,2,2,2,2,0,0,2,0,0,68.75,4447.55,66.3813432835821,0,0
1,0,0,0,53,1,0,2,1,1,1,1,1,1,2,0,1,19.5,1050.5,19.453703703703702,0,0
1,0,1,0,44,1,2,1,2,0,2,0,0,0,0,1,1,84.8,3626.35,80.58555555555556,0,0
1,0,1,1,52,1,0,2,1,1,1,1,1,1,1,1,1,20.85,1071.6,20.2188679245283,0,0
1,1,1,0,70,1,2,0,2,2,2,2,2,2,2,0,1,90.05,6333.4,89.20281690140844,0,0
0,0,0,0,1,1,2,2,1,1,1,1,1,1,0,1,3,25.75,25.75,12.875,0,0
1,0,1,0,61,1,2,1,0,2,0,2,2,0,2,1,2,94.1,5638.3,90.94032258064516,0,1
1,0,1,1,19,1,2,1,0,0,0,2,2,2,1,1,2,100.95,1875.55,93.7775,0,1
0,0,1,1,11,1,0,2,1,1,1,1,1,1,1,0,3,20.6,233.9,19.491666666666667,0,0
1,0,0,0,26,1,0,1,0,2,0,0,2,0,0,1,2,85.75,2146.5,79.5,0,0
0,0,0,0,60,1,0,2,1,1,1,1,1,1,2,0,0,19.85,1128.1,18.49344262295082,0,0
1,0,0,0,1,1,0,1,0,0,2,0,2,0,0,1,2,84.85,84.85,42.425,1,1
1,0,0,0,26,1,2,1,2,2,0,0,2,0,0,1,1,92.4,2349.8,87.02962962962964,0,0
1,1,0,0,24,1,2,1,0,2,0,0,0,0,0,1,2,80.5,2088.45,83.538,0,0
1,0,1,1,22,1,0,1,0,2,2,0,2,2,1,1,3,100.05,2090.25,90.8804347826087,0,0
0,0,1,0,51,1,2,1,0,0,2,0,2,2,1,1,2,98.85,4947.55,95.14519230769233,0,0
1,1,1,0,61,1,2,1,0,2,0,2,0,0,1,1,0,85.55,5251.75,84.70564516129032,0,0
1,0,1,0,44,0,1,0,0,2,2,0,2,2,2,0,0,54.3,2390.45,53.12111111111111,0,0
0,0,1,1,0,1,0,0,2,2,2,0,2,2,2,0,3,80.85,1397.475,1397.475,0,0
0,0,0,0,5,1,0,1,0,0,0,2,0,0,0,1,3,75.65,399.45,66.575,0,0
0,0,1,0,1,1,0,1,0,0,0,0,2,0,0,0,2,78.8,78.8,39.4,1,1
1,0,0,0,26,1,2,0,2,2,0,0,0,0,1,0,2,61.55,1581.95,58.59074074074074,0,0
0,0,0,0,15,1,2,1,2,0,2,0,0,0,0,1,1,84.35,1302.65,81.415625,0,0
1,0,1,0,4,1,0,1,0,0,0,0,2,0,0,1,2,80.35,307.4,61.48,1,1
1,0,1,0,12,1,0,1,2,2,2,0,0,0,0,1,2,84.6,959.9,73.83846153846153,0,0
1,0,0,1,1,1,0,0,0,0,0,2,0,0,0,1,3,49.9,49.9,24.95,0,1
1,0,1,1,22,1,0,0,2,2,0,2,0,0,0,1,3,57.95,1271.8,55.29565217391304,0,0
1,0,1,0,49,0,1,0,0,2,0,0,2,2,2,0,1,49.65,2409.9,48.198,0,0
1,0,0,0,13,1,0,2,1,1,1,1,1,1,2,0,3,19.75,265.75,18.982142857142858,0,0
0,0,1,0,66,1,2,1,0,2,2,2,0,0,1,1,0,90.55,6130.95,91.50671641791044,0,0
1,0,1,0,62,0,1,0,0,0,0,2,2,0,2,1,0,39.0,2337.45,37.10238095238095,0,0
1,0,1,1,66,1,2,0,0,0,2,0,2,0,2,1,0,63.3,4189.7,62.53283582089552,0,0
0,0,0,0,3,0,1,0,0,0,0,0,2,0,0,0,1,35.2,108.95,27.2375,1,1
1,0,0,0,63,1,2,0,2,2,2,2,0,0,1,0,0,68.8,4111.35,64.23984375,0,0
1,0,1,1,15,1,0,2,1,1,1,1,1,1,2,0,3,19.35,278.85,17.428125,0,0
0,0,1,0,43,1,2,1,2,2,0,0,0,2,0,1,2,94.1,4107.3,93.34772727272728,0,0
1,1,0,0,65,1,2,1,2,0,2,2,2,2,2,1,2,109.05,7108.2,107.7,0,0
0,0,0,0,2,1,2,1,0,0,0,0,0,2,0,1,2,85.7,169.8,56.6,1,1
0,0,0,0,14,1,0,0,2,0,0,0,0,0,0,0,0,50.1,709.5,47.3,0,0
0,0,1,1,68,1,2,1,2,0,2,2,2,2,2,1,0,109.05,7508.55,108.8195652173913,0,0
1,0,0,0,20,1,0,2,1,1,1,1,1,1,0,1,1,19.6,356.15,16.95952380952381,0,0
0,0,1,1,57,1,2,0,2,2,0,2,0,0,0,0,0,65.2,3687.85,63.58362068965517,0,0
1,0,0,0,72,1,0,2,1,1,1,1,1,1,2,1,1,19.8,1468.75,20.11986301369863,0,0
1,0,0,0,6,1,0,1,0,2,0,0,0,2,0,1,2,84.4,556.35,79.47857142857143,1,1
1,0,0,0,53,1,2,0,0,2,2,2,0,2,2,1,0,73.9,3958.25,73.30092592592592,0,0
0,0,1,1,57,1,0,0,2,0,0,0,2,2,1,1,0,70.1,3913.3,67.47068965517242,0,1
1,0,0,0,1,1,0,2,1,1,1,1,1,1,0,1,3,20.1,20.1,10.05,0,1
1,0,0,0,15,1,2,0,0,0,0,0,0,0,0,1,2,49.0,749.25,46.828125,0,0
0,1,0,0,40,1,0,1,2,2,0,0,0,0,0,1,1,79.2,3233.85,78.87439024390244,0,1
1,0,0,0,71,0,1,0,2,2,2,2,2,0,2,0,0,53.95,3888.65,54.00902777777778,0,0
0,1,1,0,13,0,1,0,0,0,0,0,2,2,0,0,2,45.3,528.45,37.746428571428574,1,0
0,0,1,0,72,1,2,0,2,2,2,2,2,2,2,1,0,91.15,6637.9,90.93013698630136,0,0
0,0,1,1,52,1,2,1,0,2,2,0,2,0,1,1,1,95.7,4976.15,93.88962264150943,0,0
0,0,1,0,63,1,0,1,2,0,2,0,0,0,1,1,1,81.15,5224.5,81.6328125,0,0
1,0,0,0,29,1,0,2,1,1,1,1,1,1,1,0,3,19.1,529.5,17.65,0,0
0,0,0,0,29,1,2,1,0,0,2,0,2,2,0,0,0,100.55,2878.75,95.95833333333331,1,0
1,0,0,0,3,1,0,2,1,1,1,1,1,1,0,1,1,20.75,67.1,16.775,0,0
1,0,1,1,19,1,0,2,1,1,1,1,1,1,0,0,3,20.6,414.95,20.7475,0,0
1,0,1,1,61,1,2,1,0,0,2,0,2,2,1,1,2,99.9,6241.35,100.66693548387096,0,0
0,0,0,0,10,1,0,0,0,0,2,2,0,0,0,0,2,54.25,583.0,53.0,0,0
0,0,1,0,67,1,2,1,0,2,2,2,2,2,1,1,1,109.7,7344.45,108.00661764705882,0,0
1,0,0,0,42,1,0,2,1,1,1,1,1,1,1,1,3,19.55,839.4,19.52093023255814,0,0
0,0,0,0,1,1,0,1,0,2,0,0,0,0,0,1,2,75.7,75.7,37.85,1,1
0,0,0,0,5,1,2,1,0,0,0,0,2,0,0,1,2,84.0,424.75,70.79166666666667,1,0
0,0,0,0,20,1,0,2,1,1,1,1,1,1,1,0,3,19.5,403.15,19.19761904761905,0,0
1,1,0,0,1,1,0,1,0,0,0,0,0,0,0,1,0,69.5,69.5,34.75,1,1
1,0,0,0,6,1,0,1,2,2,0,0,0,0,0,1,2,78.95,494.95,70.70714285714286,0,0
1,0,0,0,34,1,2,1,0,2,2,0,2,2,0,1,2,106.35,3549.25,101.40714285714286,1,1
1,0,0,0,21,1,0,2,1,1,1,1,1,1,2,0,3,19.6,390.4,17.745454545454546,0,0
1,0,0,0,46,1,2,1,0,2,2,2,2,2,2,0,2,108.65,4903.2,104.32340425531916,0,0
1,0,1,1,34,1,2,1,0,2,0,0,2,2,0,1,0,97.7,3410.0,97.42857142857144,0,0
1,0,0,1,29,0,1,0,2,2,2,2,0,0,0,1,3,45.0,1242.45,41.415,0,0
1,0,1,1,27,1,0,1,2,2,0,0,0,0,1,1,1,80.65,2209.75,78.91964285714286,0,0
0,0,1,1,72,1,2,0,2,2,2,2,2,2,2,0,1,89.8,6510.45,89.18424657534246,0,0
0,0,0,0,42,1,0,0,2,0,2,0,0,0,0,0,1,54.55,2455.05,57.09418604651163,0,0
0,1,0,0,27,1,2,1,0,0,2,0,0,0,0,1,2,78.05,2135.5,76.26785714285714,1,1
1,0,1,0,66,1,2,0,2,2,2,0,0,0,2,1,1,66.1,4428.45,66.09626865671642,0,0
0,0,0,0,2,1,2,1,0,0,0,0,0,0,0,1,2,75.55,166.3,55.43333333333334,1,1
1,0,0,0,32,1,0,1,0,0,0,2,2,2,0,1,2,96.2,3183.4,96.46666666666668,0,1
1,1,0,0,14,1,2,1,0,0,0,0,0,0,0,1,2,74.95,1036.75,69.11666666666666,1,1
1,0,0,0,19,1,0,1,0,0,2,2,2,0,0,0,3,89.95,1682.4,84.12,0,0
1,0,0,1,48,1,2,0,2,2,2,0,0,0,1,1,0,64.4,3035.35,61.94591836734693,0,0
1,0,0,0,4,1,0,1,0,0,2,0,0,0,0,1,2,73.9,280.85,56.17,1,1
1,1,1,0,57,1,2,1,0,2,0,0,0,2,0,1,2,89.85,4925.35,84.9198275862069,0,0
1,0,1,1,58,1,0,0,0,2,0,2,2,2,1,1,1,75.2,4300.8,72.89491525423729,0,0
0,1,1,0,56,1,2,0,2,2,2,2,0,0,1,1,1,68.45,4014.0,70.42105263157895,0,0
0,0,1,1,69,1,0,2,1,1,1,1,1,1,2,0,0,19.75,1375.4,19.64857142857143,0,0
1,0,1,1,10,0,1,0,2,2,2,2,0,2,2,0,1,53.7,521.0,47.36363636363637,0,0
0,0,1,1,3,1,0,1,0,2,0,2,0,0,0,1,2,80.0,241.3,60.325,1,0
1,0,0,0,35,1,2,2,1,1,1,1,1,1,1,0,0,26.2,954.9,26.525,0,0
0,0,1,1,11,1,0,2,1,1,1,1,1,1,0,1,3,19.25,180.3,15.025,0,1
1,0,1,0,56,1,2,1,2,0,0,0,2,2,1,1,2,100.55,5514.95,96.75350877192982,0,0
1,0,1,1,51,1,2,2,1,1,1,1,1,1,2,1,3,24.95,1222.25,23.504807692307693,0,0
1,1,0,0,36,1,2,1,2,0,0,0,2,0,0,1,2,90.85,3186.7,86.12702702702703,0,1
1,0,0,1,5,1,0,2,1,1,1,1,1,1,2,0,3,20.45,106.9,17.816666666666666,0,0
1,0,1,1,1,1,0,2,1,1,1,1,1,1,1,0,3,20.4,20.4,10.2,0,0
1,1,1,0,7,1,2,1,0,0,0,0,0,0,0,1,3,74.4,527.9,65.9875,1,1
1,0,1,0,69,1,0,0,2,2,0,0,0,0,1,1,1,53.65,3804.4,54.34857142857143,0,0
1,0,1,1,22,1,0,0,2,0,2,2,2,0,1,1,0,67.5,1544.05,67.13260869565217,0,1
0,0,0,0,63,1,2,2,1,1,1,1,1,1,2,0,3,24.2,1618.2,25.284375,0,0
0,0,1,1,55,1,2,0,2,2,0,2,0,2,1,1,0,75.75,4264.25,76.14732142857143,0,0
0,0,0,0,3,1,0,0,0,0,2,0,2,0,0,0,2,57.55,161.45,40.3625,0,0
1,0,1,1,67,1,0,0,2,2,2,0,2,2,2,0,1,81.35,5398.6,79.39117647058823,0,0
0,0,0,0,3,0,1,0,0,0,0,0,0,0,0,0,2,25.25,58.9,14.725,0,1
1,0,0,0,1,1,0,2,1,1,1,1,1,1,0,0,3,19.75,19.75,9.875,0,0
1,0,0,0,16,1,2,1,0,0,0,2,0,2,0,1,1,89.05,1448.6,85.21176470588235,1,1
1,0,0,1,62,1,2,1,0,0,2,2,2,2,2,1,2,104.05,6590.5,104.61111111111111,0,0
0,0,0,0,8,1,2,0,2,2,2,0,0,0,0,1,0,65.5,573.15,63.68333333333333,0,0
1,0,0,1,9,1,0,2,1,1,1,1,1,1,1,0,3,20.1,190.25,19.025,0,0
0,0,1,0,6,1,0,2,1,1,1,1,1,1,0,0,0,19.5,146.3,20.9,0,1
0,0,0,0,28,1,2,0,2,0,2,0,0,0,1,0,3,59.0,1654.45,57.05,0,0
1,0,0,0,26,1,0,2,1,1,1,1,1,1,1,0,3,19.4,525.55,19.46481481481481,0,0
1,0,1,1,38,1,2,1,0,0,2,0,2,2,0,1,1,101.15,3956.7,101.45384615384614,1,0
0,0,0,0,18,1,2,0,0,0,0,0,0,0,0,1,2,50.3,913.3,48.06842105263158,0,0
0,0,1,1,3,0,1,0,0,0,0,2,0,0,0,1,3,31.0,95.05,23.7625,0,1
1,0,1,0,3,0,1,0,0,0,0,0,0,0,0,0,3,25.0,78.25,19.5625,0,0
1,0,1,0,70,1,2,0,0,2,2,2,2,0,2,0,0,72.95,5265.55,74.16267605633803,0,0
1,0,1,1,67,1,2,0,2,2,2,2,0,0,1,1,1,69.35,4653.25,68.43014705882354,0,0
1,0,0,1,71,1,2,2,1,1,1,1,1,1,2,0,3,24.35,1654.6,22.980555555555554,0,0
1,0,0,1,16,1,2,0,2,2,0,0,0,2,0,1,2,69.1,1083.7,63.74705882352941,0,0
0,0,1,1,10,1,0,0,0,2,0,2,0,2,0,1,2,65.5,616.9,56.08181818181818,0,0
1,0,0,0,1,1,2,1,0,2,0,0,0,2,0,1,1,90.85,90.85,45.425,1,1
1,0,1,1,12,1,0,0,0,0,0,0,2,0,0,1,3,56.3,628.65,48.357692307692304,0,0
0,0,0,0,5,1,0,0,2,0,0,2,0,0,0,0,1,53.85,259.8,43.3,0,1
0,1,1,0,40,1,0,1,0,2,0,2,2,2,1,1,1,99.2,4062.2,99.0780487804878,0,1
1,1,1,0,21,1,0,0,2,2,0,0,0,2,0,1,0,64.95,1339.8,60.9,0,0
1,0,0,0,9,1,0,0,2,0,2,2,0,2,0,1,0,68.25,576.95,57.69500000000001,0,0
0,0,1,0,7,1,0,0,2,0,0,0,0,0,0,1,0,50.3,355.1,44.3875,0,0
0,0,0,0,38,1,0,2,1,1,1,1,1,1,1,0,3,20.05,678.2,17.389743589743592,0,0
1,0,0,0,1,1,0,0,0,0,2,0,0,0,0,1,2,50.5,50.5,25.25,1,1
1,0,0,0,7,1,0,1,0,0,2,0,0,0,0,1,2,74.9,490.55,61.31875,1,0
0,0,0,0,2,1,0,1,0,0,0,0,0,0,0,1,2,70.95,137.95,45.98333333333333,1,1
0,0,0,0,56,1,0,2,1,1,1,1,1,1,2,1,0,19.55,1080.55,18.95701754385965,0,0
0,0,1,0,6,1,2,0,0,0,0,0,0,0,0,0,2,50.35,314.55,44.93571428571429,0,0
0,0,0,0,63,1,0,0,0,0,2,0,0,2,1,0,1,58.55,3503.5,54.7421875,0,0
0,0,0,0,64,1,2,1,0,2,2,2,2,2,2,1,1,110.5,7069.25,108.75769230769232,0,0
1,0,1,0,29,0,1,0,0,0,0,0,2,2,0,1,2,45.9,1332.4,44.41333333333333,0,0
1,0,0,0,32,1,2,1,0,0,0,0,0,2,0,1,0,85.65,2664.3,80.73636363636365,1,0
0,1,0,0,2,1,2,1,0,0,0,0,0,2,0,1,2,84.05,186.05,62.01666666666667,1,0
1,0,1,0,60,1,0,1,0,2,0,0,2,2,1,1,2,94.4,5610.25,91.97131147540983,0,1
1,0,0,0,22,1,2,0,2,2,2,0,0,0,0,0,3,65.05,1427.55,62.06739130434782,0,0
1,0,0,0,11,0,1,0,0,2,0,2,0,0,0,1,2,35.65,425.1,35.425000000000004,0,0
1,1,1,0,57,1,0,1,0,2,2,0,2,0,1,1,2,90.65,5199.8,89.65172413793104,0,0
1,0,0,0,1,1,0,0,0,0,0,0,0,0,0,1,3,44.15,44.15,22.075,1,1
0,0,0,0,62,1,0,2,1,1,1,1,1,1,2,1,1,19.2,1123.65,17.835714285714285,0,0
0,0,1,0,47,1,2,1,2,2,2,0,2,0,0,1,2,98.75,4533.7,94.45208333333332,0,1
0,0,1,1,61,1,2,0,2,2,2,2,2,2,2,0,3,88.1,5526.75,89.14112903225806,0,0
0,0,0,0,3,1,0,1,0,0,0,0,0,0,0,1,2,70.15,194.2,48.55,1,0
1,0,1,1,64,1,0,1,2,2,0,0,0,0,0,0,2,81.05,5135.35,79.00538461538463,0,0
0,0,1,1,6,1,2,1,0,2,2,0,2,0,0,1,3,94.05,518.75,74.10714285714286,1,0
0,0,1,1,56,1,0,2,1,1,1,1,1,1,2,0,3,20.05,1090.1,19.12456140350877,0,0
0,0,1,1,27,1,0,0,0,2,0,0,0,0,0,0,3,49.85,1336.15,47.71964285714286,0,0
0,0,1,0,46,0,1,0,2,2,0,0,2,0,0,0,2,45.55,2062.15,43.87553191489362,0,0
1,1,0,0,1,1,0,0,0,0,0,0,0,0,0,0,2,45.1,45.1,22.55,0,1
1,0,0,0,11,1,0,2,1,1,1,1,1,1,2,0,3,20.4,231.45,19.2875,0,0
1,0,1,0,32,1,2,1,0,2,0,0,2,2,0,1,1,98.85,3145.9,95.33030303030304,1,0
1,0,0,0,4,1,0,1,0,0,0,0,2,0,0,0,2,77.85,299.2,59.84,1,1
1,0,0,0,24,1,2,0,2,0,0,0,0,0,0,1,0,55.65,1400.55,56.022,0,1
1,0,0,0,35,1,2,1,2,0,2,2,2,2,2,1,2,108.95,4025.5,111.81944444444444,0,0
0,0,0,1,46,1,0,1,2,2,0,2,2,2,1,1,0,105.2,4822.85,102.61382978723404,0,1
1,0,1,1,1,1,0,1,0,0,0,0,0,0,0,1,2,70.0,70.0,35.0,1,1
0,0,1,0,72,1,2,1,2,0,2,2,2,2,2,1,1,110.15,7881.2,107.96164383561644,0,0
0,1,1,0,63,1,2,1,0,2,2,0,2,2,0,1,2,103.5,6479.4,101.240625,0,0
0,0,1,0,21,1,2,1,0,0,0,0,0,2,0,1,2,86.5,1808.7,82.21363636363637,1,1
1,0,1,1,37,0,1,0,2,0,2,2,0,0,1,1,2,40.2,1525.35,40.14078947368421,0,0
1,0,0,0,55,1,0,1,2,2,0,0,2,2,1,1,3,100.9,5552.05,99.14375,0,0
1,0,1,0,14,1,2,0,0,0,0,2,2,0,0,1,1,66.6,979.5,65.3,0,0
1,0,1,1,53,1,2,0,2,0,0,2,0,2,0,0,2,71.85,3827.9,70.88703703703703,0,0
0,0,1,1,50,1,2,0,0,2,2,2,2,2,1,1,1,84.15,4164.4,81.6549019607843,0,0
1,1,1,0,38,1,2,1,0,2,2,0,2,2,0,1,2,102.6,4009.2,102.8,1,0
0,1,0,0,30,1,2,1,0,2,0,0,2,2,0,1,2,99.7,2967.35,95.72096774193548,1,1
0,0,0,0,28,1,0,0,2,2,0,2,0,0,1,1,2,59.9,1654.7,57.05862068965517,0,0
1,1,1,0,46,0,1,0,0,2,2,2,2,2,1,1,0,59.9,2816.65,59.92872340425532,0,1
0,0,0,0,67,1,0,2,1,1,1,1,1,1,1,0,2,20.55,1343.4,19.75588235294118,0,0
0,0,0,0,1,1,0,0,0,0,0,0,0,0,0,0,3,45.95,45.95,22.975,0,1
1,0,1,0,50,1,0,2,1,1,1,1,1,1,2,0,2,19.8,1013.2,19.866666666666667,0,0
0,0,1,0,56,1,2,1,2,0,0,0,2,2,1,1,2,98.0,5270.6,92.46666666666668,0,0
1,0,0,0,1,1,0,2,1,1,1,1,1,1,0,0,3,19.95,19.95,9.975,0,0
1,0,1,0,3,0,1,0,2,0,0,2,0,0,0,0,3,35.1,101.1,25.275,0,0
0,0,1,0,72,1,2,1,2,2,2,0,2,2,2,1,2,109.55,8165.1,111.85068493150683,0,0
0,0,0,0,48,1,0,0,2,0,2,2,0,0,1,1,1,60.35,2896.4,59.11020408163265,0,1
1,0,0,0,9,0,1,0,2,2,2,0,0,0,1,0,3,39.55,373.0,37.3,0,0
1,0,0,0,19,1,2,0,0,0,0,0,2,2,0,0,3,69.6,1394.55,69.72749999999999,0,0
1,0,1,1,46,1,0,0,2,0,2,2,2,2,2,0,3,81.0,3846.35,81.83723404255319,0,0
1,0,1,0,56,1,2,1,0,2,0,2,2,2,1,1,2,107.25,6033.3,105.84736842105264,0,0
1,0,0,0,35,1,2,1,0,0,0,0,2,0,0,0,2,83.15,2848.45,79.1236111111111,0,0
0,0,0,0,25,1,0,2,1,1,1,1,1,1,2,0,1,19.8,475.2,18.27692307692308,0,0
0,0,0,0,21,1,0,1,0,0,0,0,0,0,0,1,2,68.65,1493.2,67.87272727272727,0,0
1,0,1,1,71,1,2,2,1,1,1,1,1,1,2,0,1,25.35,1847.55,25.660416666666663,0,0
0,0,1,0,1,1,0,1,0,0,0,0,2,0,0,1,0,79.35,79.35,39.675,1,1
0,0,0,0,62,1,2,0,0,2,2,2,2,2,2,0,0,84.5,5193.2,82.43174603174603,0,0
1,0,1,1,53,1,2,0,0,0,2,2,2,2,1,1,3,78.75,3942.45,73.00833333333333,0,0
0,0,0,0,2,1,2,1,0,0,0,0,0,0,0,1,3,74.9,136.05,45.35,1,0
1,1,1,0,72,1,2,1,2,2,2,2,0,0,2,1,0,93.05,6735.05,92.2609589041096,0,0
0,0,1,0,24,1,2,1,0,0,2,0,0,0,0,1,3,79.65,1928.7,77.148,1,0
1,0,0,0,41,1,2,0,0,0,2,0,0,0,0,1,0,55.7,2237.55,53.275000000000006,0,0
0,0,0,1,2,1,2,1,0,0,0,0,2,2,0,1,0,94.2,193.8,64.60000000000001,1,1
1,0,0,0,2,1,0,1,0,0,0,0,0,0,0,1,2,67.75,116.65,38.88333333333333,1,1
1,1,1,0,27,1,2,1,0,2,2,0,0,2,0,1,2,95.55,2510.2,89.64999999999999,1,1
1,1,1,0,53,1,2,1,0,2,0,0,2,2,0,1,2,101.9,5549.4,102.76666666666668,1,1
0,0,0,0,34,1,2,0,2,2,0,2,0,0,1,1,3,64.4,2088.75,59.67857142857143,0,1
1,0,0,0,1,1,0,1,0,2,0,0,0,2,0,1,2,85.0,85.0,42.5,1,0
0,0,1,1,48,1,0,2,1,1,1,1,1,1,2,0,3,19.55,883.35,18.027551020408165,0,0
0,1,0,0,3,1,2,1,0,0,0,0,0,0,0,1,1,75.05,256.25,64.0625,1,1
0,0,1,1,71,1,0,0,2,2,2,2,0,0,2,0,1,64.05,4492.9,62.40138888888888,0,0
1,0,0,0,24,1,0,1,0,2,2,2,0,0,0,1,2,85.95,2107.15,84.286,0,0
0,1,1,0,5,1,0,1,0,0,0,0,0,0,0,0,2,70.05,302.6,50.43333333333334,1,0
0,1,0,0,8,1,2,1,0,0,0,0,0,0,0,1,2,75.75,606.25,67.36111111111111,1,1
1,0,0,0,15,1,0,2,1,1,1,1,1,1,0,1,3,19.8,309.4,19.3375,0,0
1,1,0,0,2,1,0,1,0,2,0,0,0,0,0,1,2,74.7,165.4,55.13333333333333,1,1
0,0,1,1,13,1,2,2,1,1,1,1,1,1,2,1,0,25.0,332.5,23.75,0,0
0,1,1,0,17,1,2,1,2,0,2,0,0,0,0,1,0,85.35,1463.45,81.30277777777778,0,1
1,0,1,0,24,1,2,0,2,0,0,2,0,0,1,1,2,58.35,1346.9,53.876000000000005,0,0
0,0,1,1,50,1,0,2,1,1,1,1,1,1,2,0,1,20.55,1070.25,20.985294117647054,0,0
1,0,0,0,57,1,0,0,2,0,2,0,2,2,2,1,0,74.35,4317.35,74.43706896551724,0,0
0,1,0,0,3,0,1,0,0,0,0,0,0,0,0,0,2,25.3,77.75,19.4375,0,1
1,0,0,0,37,1,2,1,2,0,0,0,2,0,0,1,2,91.15,3369.25,88.66447368421052,0,0
0,0,1,0,71,1,2,2,1,1,1,1,1,1,2,0,1,25.6,1888.25,26.225694444444443,0,0
1,0,1,1,72,1,2,0,2,0,2,2,0,0,2,1,1,66.5,4811.6,65.9123287671233,0,0
1,0,0,1,52,1,2,2,1,1,1,1,1,1,2,0,1,25.6,1334.5,25.17924528301887,0,0
1,0,0,0,4,1,0,2,1,1,1,1,1,1,0,1,2,19.85,63.0,12.6,0,0
1,0,0,0,9,1,0,0,2,0,2,2,2,0,0,1,3,69.5,653.25,65.325,0,0
1,1,1,0,7,1,2,1,0,0,0,0,0,0,0,1,2,74.85,485.25,60.65625,1,0
0,0,1,1,48,1,0,0,2,2,2,0,0,2,2,1,1,70.1,3238.4,66.08979591836734,0,0
0,0,1,0,47,1,0,0,0,2,0,0,2,0,0,1,0,58.6,2723.4,56.7375,0,0
0,1,0,0,4,1,0,1,0,2,0,0,0,0,0,0,2,72.75,317.75,63.55,0,0
0,0,0,0,47,1,0,1,2,0,2,2,2,2,1,1,2,103.7,4730.6,98.55416666666667,0,0
1,0,1,0,24,0,1,0,0,0,2,0,0,0,0,0,2,29.1,688.0,27.52,0,0
0,0,0,0,1,1,0,0,0,0,2,0,0,0,0,1,3,50.45,50.45,25.225,1,1
1,0,0,0,1,0,1,0,0,2,0,2,0,2,0,1,3,44.65,44.65,22.325,1,1
0,0,1,1,1,1,0,2,1,1,1,1,1,1,0,0,2,19.25,19.25,9.625,0,0
1,0,0,0,48,1,2,1,0,2,2,0,2,2,2,1,0,108.1,5067.45,103.41734693877552,0,0
1,0,0,0,27,1,0,2,1,1,1,1,1,1,1,0,0,20.1,562.6,20.092857142857145,0,0
0,0,1,0,60,1,0,0,2,2,0,2,0,0,2,0,0,59.85,3483.45,57.10573770491803,0,0
0,0,0,0,26,1,0,0,0,2,2,0,0,0,1,1,3,56.05,1553.2,57.525925925925925,0,0
0,1,0,0,51,1,0,2,1,1,1,1,1,1,2,0,1,19.6,967.9,18.61346153846154,0,0
0,0,0,0,4,1,0,1,0,0,0,0,2,0,0,1,2,79.0,303.15,60.63,1,1
0,1,0,0,26,1,2,0,0,0,0,2,0,2,0,1,2,66.05,1652.4,61.2,0,0
0,0,0,0,41,1,2,1,2,2,2,2,2,0,0,1,2,106.5,4282.4,101.96190476190476,0,0
0,0,1,0,68,1,2,1,2,2,2,2,2,2,2,0,0,114.9,7843.55,113.67463768115942,0,0
1,0,1,1,45,1,0,0,2,0,0,2,0,0,2,0,0,54.65,2553.7,55.51521739130435,0,0
0,0,1,1,22,1,0,0,0,2,0,0,2,2,1,1,0,69.5,1498.2,65.13913043478261,0,1
1,0,0,0,12,1,0,1,0,0,0,0,0,2,0,1,0,79.95,1043.4,80.26153846153846,0,0
0,0,0,0,1,1,0,0,0,0,0,0,0,0,0,0,1,43.95,43.95,21.975,0,0
1,0,0,0,7,1,2,1,0,0,0,0,2,2,0,1,2,94.1,701.3,87.6625,1,0
0,0,0,0,1,1,0,2,1,1,1,1,1,1,0,1,0,20.2,20.2,10.1,0,1
0,0,0,0,13,0,1,0,0,0,0,0,0,0,0,1,2,23.9,300.8,21.485714285714288,0,1
1,0,0,0,51,1,0,2,1,1,1,1,1,1,2,0,3,20.45,1042.65,20.05096153846154,0,0
1,0,1,1,4,1,0,0,0,0,0,0,0,0,0,0,2,44.8,169.65,33.93,0,0
1,0,0,0,26,1,2,1,0,0,2,2,0,0,0,1,3,84.3,2281.6,84.5037037037037,0,0
0,0,0,0,24,1,2,1,0,0,2,0,2,0,0,1,1,88.95,2072.75,82.91,1,0
0,1,1,0,61,1,2,1,2,2,2,2,0,0,0,1,1,94.2,5895.45,95.08790322580644,0,0
0,0,0,0,72,1,2,1,2,2,2,2,2,2,2,1,2,114.9,8496.7,116.39315068493153,0,0
0,0,0,0,55,1,2,1,2,0,2,0,0,0,1,1,1,84.25,4589.85,81.96160714285715,0,0
1,0,0,0,12,1,0,1,2,0,2,0,0,0,0,0,0,81.7,858.6,66.04615384615384,0,1
1,0,1,1,64,1,2,1,2,0,2,0,0,2,2,0,0,93.4,5822.3,89.57384615384616,0,0
0,1,0,0,37,1,2,1,0,0,0,0,2,2,0,1,2,96.55,3580.3,94.21842105263158,1,1
1,0,1,0,72,1,2,0,2,2,2,2,2,2,2,1,1,88.7,6301.7,86.32465753424657,0,0
1,0,0,0,11,1,0,2,1,1,1,1,1,1,1,0,3,19.5,226.8,18.9,0,0
0,1,1,0,52,1,2,1,2,2,2,0,2,2,0,1,2,109.1,5647.95,106.56509433962265,0,0
0,0,1,1,58,1,0,0,0,0,0,0,0,0,1,1,3,44.1,2413.05,40.89915254237288,0,0
0,0,0,0,4,1,0,0,2,2,0,0,0,0,0,0,2,55.2,220.65,44.13,0,0
0,0,1,1,38,1,0,2,1,1,1,1,1,1,1,0,3,20.3,749.35,19.214102564102564,0,0
1,0,0,1,3,1,0,2,1,1,1,1,1,1,0,0,3,20.85,60.65,15.1625,0,0
1,0,0,0,62,1,2,1,2,2,0,0,0,2,1,1,0,92.3,5731.45,90.97539682539684,0,0
0,0,0,0,8,1,0,0,2,0,0,2,0,0,1,0,0,54.25,447.75,49.75,0,0
1,0,1,1,16,1,0,2,1,1,1,1,1,1,0,0,2,19.75,313.4,18.435294117647057,0,0
1,0,0,0,8,1,0,0,0,0,0,0,0,0,0,0,3,43.55,335.4,37.266666666666666,0,0
1,0,0,0,1,1,0,2,1,1,1,1,1,1,0,0,3,19.8,19.8,9.9,0,1
1,0,1,1,52,0,1,0,0,2,2,2,2,0,2,0,3,50.2,2554.0,48.18867924528302,0,0
0,0,1,0,72,1,2,2,1,1,1,1,1,1,2,1,3,26.0,1776.0,24.328767123287676,0,0
1,1,0,0,16,1,0,1,0,0,0,0,0,0,0,0,2,69.65,1043.3,61.37058823529412,0,0
1,0,0,0,18,1,2,1,0,0,2,0,2,0,1,1,1,89.6,1633.0,85.94736842105263,0,0
1,0,0,0,1,1,0,2,1,1,1,1,1,1,0,0,3,20.25,20.25,10.125,0,1
1,0,1,1,72,1,0,0,0,2,2,0,2,2,2,1,0,75.4,5480.25,75.07191780821918,0,0
0,0,1,0,49,1,0,2,1,1,1,1,1,1,1,0,1,20.7,1032.05,20.641,0,0
1,0,0,0,1,1,0,0,0,0,0,0,0,0,0,0,2,44.0,44.0,22.0,0,0
0,0,1,0,51,1,0,1,2,2,2,0,2,0,1,1,2,93.5,4619.55,88.8375,0,0
1,1,1,0,72,1,2,1,0,2,0,0,2,2,1,1,1,97.25,7133.1,97.713698630137,0,0
1,1,1,0,72,1,2,0,0,2,2,2,2,0,2,0,1,77.35,5396.25,73.92123287671232,0,0
0,0,0,0,16,1,0,2,1,1,1,1,1,1,1,0,3,19.05,326.65,19.21470588235294,0,0
1,0,1,1,16,1,2,0,2,2,0,2,2,2,0,0,2,84.9,1398.25,82.25,0,0
1,0,0,0,1,1,0,2,1,1,1,1,1,1,0,0,0,19.65,19.65,9.825,0,0
1,0,1,0,10,1,2,1,0,0,0,0,2,0,0,1,2,85.6,813.85,73.98636363636363,1,1
0,0,1,0,57,1,2,1,0,0,2,0,2,2,1,1,1,100.75,5985.0,103.1896551724138,0,0
1,0,1,1,32,1,0,1,2,2,0,0,0,2,1,1,2,90.8,3023.85,91.63181818181818,0,0
0,0,0,0,72,1,2,1,2,2,2,0,2,0,2,1,0,101.3,7261.25,99.46917808219176,0,0
0,1,1,0,58,1,2,1,0,2,0,0,2,2,1,1,0,97.8,5458.8,92.52203389830508,0,0
0,0,0,0,23,1,2,0,0,0,0,2,2,2,1,1,3,73.75,1756.6,73.19166666666666,0,0
1,1,0,0,25,1,2,1,0,2,0,0,2,0,0,1,2,89.5,2196.15,84.4673076923077,1,1
1,0,1,1,32,1,0,2,1,1,1,1,1,1,0,1,1,19.45,674.55,20.440909090909088,0,0
0,0,0,0,69,1,2,1,0,0,2,2,2,2,2,0,2,104.0,7028.5,100.40714285714286,0,0
0,0,1,1,72,1,0,1,2,2,2,2,2,2,2,1,1,109.5,7854.9,107.60136986301367,0,0
1,0,0,0,50,0,1,0,2,0,0,2,0,0,1,1,3,35.4,1748.9,34.2921568627451,0,0
1,0,1,1,28,1,2,1,2,2,0,0,2,2,1,0,2,106.1,2847.4,98.18620689655172,0,1
0,0,1,0,10,1,0,2,1,1,1,1,1,1,1,0,3,20.1,184.4,16.763636363636365,0,0
1,0,1,1,58,1,2,1,0,2,0,2,2,0,1,1,1,94.7,5430.35,92.03983050847458,0,0
1,1,1,0,7,1,2,1,0,0,0,0,0,0,0,1,2,75.4,533.05,66.63125,1,0
1,0,0,1,4,1,0,0,2,0,0,0,0,0,0,0,2,49.35,219.65,43.93,0,1
0,0,1,1,34,1,0,0,2,2,2,0,0,0,1,1,3,60.8,2042.05,58.34428571428571,0,0
0,0,1,1,70,1,2,1,2,2,2,2,2,2,2,1,1,115.15,8250.0,116.19718309859157,0,0
1,1,1,1,71,1,2,0,0,2,2,2,0,2,1,1,0,72.9,5139.65,71.38402777777777,0,0
1,0,0,0,21,1,2,1,2,0,2,0,2,2,0,0,3,103.85,2215.0,100.6818181818182,0,0
0,0,0,0,56,1,0,0,2,0,2,2,0,0,1,1,1,60.25,3282.75,57.5921052631579,0,0
1,0,0,1,71,1,0,0,2,2,2,2,2,0,2,1,1,76.9,5522.7,76.70416666666667,0,0
0,0,1,1,14,1,2,1,0,0,2,0,0,2,0,1,2,87.25,1258.6,83.90666666666667,1,1
1,0,1,1,41,1,0,2,1,1,1,1,1,1,1,0,0,19.5,798.2,19.004761904761907,0,0
0,0,0,0,3,1,2,1,0,0,0,0,0,0,0,0,0,74.4,215.8,53.95,1,1
0,0,1,1,58,1,0,2,1,1,1,1,1,1,2,0,1,20.5,1191.4,20.193220338983053,0,0
0,0,1,1,72,0,1,0,2,2,2,2,2,2,2,0,0,65.7,4575.35,62.67602739726028,0,0
0,0,0,0,13,1,2,1,0,2,2,2,0,0,0,0,2,89.4,1132.35,80.88214285714285,0,1
1,0,1,1,43,1,0,0,2,0,2,2,2,2,2,1,1,79.15,3566.6,81.05909090909091,0,0
1,0,0,0,41,0,1,0,0,0,2,0,2,2,1,1,2,51.35,2075.1,49.40714285714286,0,0
0,0,0,0,2,1,0,1,0,0,0,0,0,0,0,0,0,70.0,153.05,51.01666666666667,1,1
0,0,0,0,1,1,0,2,1,1,1,1,1,1,0,0,1,20.3,20.3,10.15,0,0
1,0,0,0,4,1,0,1,0,0,0,0,0,2,0,1,2,79.9,324.3,64.86,1,1
1,0,0,0,1,1,0,2,1,1,1,1,1,1,0,1,3,19.9,19.9,9.95,0,0
1,0,1,0,72,1,2,1,2,2,2,2,2,2,2,1,1,114.1,8086.4,110.77260273972604,0,0
0,0,1,1,69,1,2,0,2,0,2,2,0,0,2,1,1,64.15,4254.1,60.77285714285715,0,0
1,0,1,1,27,0,1,0,0,2,2,0,0,2,1,1,1,45.85,1246.4,44.51428571428572,0,0
0,0,0,1,14,1,0,0,0,0,2,0,2,0,0,1,1,59.8,824.85,54.99,0,0
1,0,0,0,19,1,0,0,0,0,0,0,0,0,0,1,0,45.0,865.85,43.2925,0,0
0,0,1,0,18,1,0,1,0,0,2,0,2,2,0,1,1,95.95,1745.5,91.86842105263158,1,0
1,0,1,1,5,1,0,1,2,0,2,0,0,2,0,1,3,90.35,434.5,72.41666666666667,1,0
1,0,1,1,28,1,0,1,0,2,2,0,2,2,1,0,0,100.35,2799.0,96.51724137931036,0,0
0,0,0,0,30,1,0,0,2,2,2,2,2,0,1,0,1,74.65,2308.6,74.47096774193548,0,0
0,1,0,0,71,1,2,1,0,0,2,0,2,2,2,0,0,104.05,7413.55,102.96597222222222,0,0
1,0,0,0,1,1,0,0,2,0,0,2,0,0,0,1,2,53.95,53.95,26.975,0,1
1,0,1,1,71,1,2,1,2,0,0,0,2,2,2,1,2,97.2,6910.3,95.97638888888888,0,0
0,0,1,1,32,1,2,0,0,2,2,0,0,0,0,0,0,62.45,2045.55,61.98636363636364,0,0
0,1,0,0,70,1,2,0,0,2,2,2,2,0,2,1,0,75.5,5212.65,73.41760563380281,0,0
1,0,0,0,1,1,0,0,0,0,0,0,0,2,0,1,2,55.25,55.25,27.625,1,0
1,0,1,1,1,1,0,1,0,0,0,0,0,0,0,1,2,71.0,71.0,35.5,1,1
0,1,0,0,4,1,2,0,0,0,0,0,0,0,0,0,3,48.75,179.85,35.97,0,0
1,1,1,0,43,1,2,1,0,2,0,2,2,0,0,1,2,94.3,3953.15,89.84431818181818,0,0
1,0,1,0,72,1,2,0,2,2,2,2,2,2,2,0,1,92.3,6719.9,92.05342465753424,0,0
1,1,1,1,72,1,2,1,2,2,2,2,2,2,2,1,0,114.95,8196.4,112.27945205479452,0,0
1,1,1,0,4,1,2,1,0,0,0,0,0,0,0,1,3,74.4,306.6,61.32000000000001,1,1
0,0,0,0,24,1,2,2,1,1,1,1,1,1,1,0,0,24.6,605.25,24.21,0,0
1,1,1,0,1,1,2,1,0,0,0,0,2,2,0,1,2,95.1,95.1,47.55,1,1
0,0,0,0,1,1,0,2,1,1,1,1,1,1,0,0,2,18.85,18.85,9.425,0,0
1,1,0,0,14,1,2,1,0,0,0,0,2,2,0,1,2,95.6,1273.3,84.88666666666667,1,0
1,1,1,0,36,1,2,1,0,0,0,0,0,2,0,1,2,84.1,3021.6,81.66486486486487,1,1
1,0,1,1,40,1,2,1,0,0,2,0,0,0,0,1,2,81.2,3292.3,80.30000000000001,0,0
1,1,0,0,67,1,0,1,2,2,0,2,2,2,2,1,2,105.05,7171.7,105.46617647058824,0,0
1,0,1,1,69,1,0,1,0,2,0,2,2,0,2,1,3,92.15,6480.9,92.58428571428573,0,0
1,0,0,0,1,1,0,2,1,1,1,1,1,1,0,0,3,20.6,20.6,10.3,0,0
0,0,0,1,10,0,1,0,2,2,0,2,0,0,1,0,3,40.25,411.45,37.404545454545456,0,0
1,0,1,1,55,1,0,0,2,2,0,2,0,0,2,0,0,57.55,3046.4,54.4,0,1
1,0,1,1,68,1,2,1,2,2,2,2,2,2,2,1,2,113.15,7856.0,113.85507246376812,0,1
1,1,1,1,66,1,2,1,0,0,2,0,2,2,0,1,1,99.5,6822.15,101.8231343283582,0,1
0,0,0,0,7,1,0,1,0,0,0,0,0,0,0,1,3,69.9,497.3,62.1625,1,0
0,0,1,1,10,1,0,2,1,1,1,1,1,1,2,0,3,20.15,220.8,20.072727272727278,0,0
1,0,0,0,1,0,1,0,0,0,0,2,0,0,0,0,3,29.15,29.15,14.575,0,0
1,0,1,1,55,1,0,2,1,1,1,1,1,1,2,0,0,19.35,1153.25,20.59375,0,0
1,0,1,0,45,1,2,1,0,2,2,0,2,2,0,1,0,107.75,4882.8,106.14782608695651,1,0
0,0,1,0,10,1,0,0,0,0,2,0,2,2,0,1,1,67.8,653.15,59.377272727272725,0,0
0,0,1,0,69,1,2,1,2,2,2,2,2,2,2,1,2,116.0,8182.85,116.89785714285716,0,0
0,1,0,0,1,1,2,1,0,0,0,0,0,2,0,1,2,85.05,85.05,42.525,1,1
0,0,0,0,33,1,2,2,1,1,1,1,1,1,2,0,1,25.7,826.1,24.29705882352941,0,0
0,0,0,0,45,1,0,0,2,0,2,2,2,2,2,0,0,81.65,3618.7,78.66739130434782,0,0
0,0,0,0,1,1,0,0,0,0,0,0,0,0,0,0,3,44.75,44.75,22.375,0,0
1,0,0,0,31,1,2,0,0,2,0,2,2,0,0,1,2,71.05,2168.15,67.7546875,0,0
1,0,1,1,50,1,0,2,1,1,1,1,1,1,1,1,3,20.35,938.95,18.41078431372549,0,0
0,0,0,0,57,1,2,1,2,2,0,2,0,0,0,1,0,87.55,4884.85,84.22155172413794,0,0
1,0,0,0,1,1,2,1,0,0,0,0,0,0,0,1,3,74.25,74.25,37.125,1,1
0,0,0,0,2,1,0,1,0,0,2,0,0,0,0,1,2,75.8,160.75,53.583333333333336,1,1
1,0,0,0,3,1,2,1,0,2,2,0,2,2,0,1,0,105.35,323.25,80.8125,1,1
1,1,1,0,67,1,2,1,0,0,0,0,2,2,0,1,1,94.65,6079.0,89.3970588235294,1,0
0,1,0,0,42,1,2,1,0,2,2,0,2,2,0,1,0,104.75,4323.45,100.5453488372093,1,1
0,0,1,0,70,1,2,2,1,1,1,1,1,1,2,1,0,26.0,2006.95,28.266901408450703,0,0
1,0,1,0,71,1,0,2,1,1,1,1,1,1,1,0,2,20.85,1539.75,21.385416666666668,0,0
1,0,0,0,9,1,2,1,0,0,0,0,0,0,0,1,2,75.85,724.65,72.465,1,0
1,0,1,1,72,0,1,0,2,2,2,2,0,0,2,0,1,45.25,3139.8,43.01095890410959,0,0
1,0,1,1,53,1,2,1,0,2,2,0,2,2,1,1,2,105.25,5576.3,103.2648148148148,0,0
0,1,0,0,19,1,0,1,2,2,0,2,2,2,0,1,3,105.0,2007.25,100.3625,0,0
0,0,0,0,9,1,2,1,0,0,0,0,2,2,0,0,2,94.4,857.25,85.725,1,1
1,0,1,1,72,1,0,1,2,2,0,2,2,2,2,0,0,105.5,7611.55,104.26780821917808,0,0
1,0,1,1,20,0,1,0,2,0,2,2,0,0,2,1,1,39.4,825.4,39.304761904761904,0,0
0,0,1,1,43,1,0,2,1,1,1,1,1,1,1,0,3,20.0,817.95,18.589772727272727,0,0
0,0,0,0,50,1,2,0,0,2,0,2,2,2,2,1,3,79.6,4024.2,78.90588235294118,0,0
0,0,1,0,55,1,2,1,2,0,0,0,2,0,0,1,0,89.8,4959.6,88.56428571428572,0,0
1,0,1,0,2,1,0,1,0,0,0,2,2,2,0,1,2,94.2,167.5,55.833333333333336,1,1
0,0,1,1,9,1,0,2,1,1,1,1,1,1,2,0,3,20.35,191.1,19.11,0,0
1,0,0,0,10,0,1,0,0,0,0,0,0,2,0,1,3,33.9,298.45,27.13181818181818,1,1
0,0,0,0,71,1,0,0,2,2,2,2,2,0,2,0,1,77.35,5550.1,77.08472222222223,0,0
0,0,1,0,32,1,0,1,0,2,0,0,0,2,0,0,0,84.15,2585.95,78.36212121212121,0,1
1,1,1,0,3,1,2,1,0,2,2,0,2,2,0,1,2,105.9,334.65,83.6625,1,1
1,1,1,0,16,1,0,1,0,2,0,0,0,0,0,1,1,74.3,1178.25,69.30882352941177,0,1
1,0,0,0,25,1,0,1,0,0,0,0,0,0,0,0,2,69.75,1729.35,66.51346153846154,0,0
1,0,0,0,38,1,0,1,0,0,0,0,0,0,1,1,0,70.45,2597.6,66.6051282051282,0,1
0,0,0,0,40,1,0,2,1,1,1,1,1,1,2,0,3,20.15,804.85,19.63048780487805,0,0
0,0,1,1,61,1,2,2,1,1,1,1,1,1,2,1,3,24.2,1445.2,23.30967741935484,0,0
0,0,1,1,25,1,0,2,1,1,1,1,1,1,1,0,3,20.05,520.1,20.003846153846155,0,0
0,0,0,1,48,1,0,1,0,2,2,2,2,0,2,1,3,95.5,4627.85,94.44591836734696,0,1
0,0,0,0,3,1,0,1,0,0,0,0,0,0,0,1,0,69.55,222.3,55.575,1,1
0,0,0,0,63,1,2,1,2,2,2,0,2,2,0,0,1,108.25,6780.1,105.9390625,0,0
0,1,0,0,37,1,2,1,0,0,0,0,0,0,0,1,2,76.25,2841.55,74.77763157894738,0,1
1,0,0,0,1,1,0,0,2,0,0,0,0,0,0,1,1,49.8,49.8,24.9,0,0
1,0,1,1,17,1,0,1,0,0,0,0,2,0,0,0,2,80.85,1400.85,77.82499999999999,0,1
1,0,0,0,3,1,0,0,0,0,0,2,2,2,0,1,2,69.35,191.35,47.8375,1,1
0,0,1,0,21,1,0,1,0,0,0,2,2,0,0,1,2,86.05,1818.9,82.67727272727274,0,0
0,0,1,1,67,0,1,0,2,2,0,0,0,0,2,0,0,36.15,2434.45,35.80073529411764,0,0
0,0,1,1,34,1,0,2,1,1,1,1,1,1,1,1,0,20.1,682.1,19.48857142857143,0,0
1,0,0,0,18,1,2,1,0,0,2,0,0,2,0,1,1,90.7,1597.25,84.0657894736842,1,1
1,0,1,1,72,1,2,0,2,2,2,2,2,2,2,0,1,88.7,6501.35,89.05958904109589,0,0
1,0,1,1,18,1,0,1,0,0,2,0,2,2,0,0,3,95.15,1779.95,93.68157894736842,0,1
1,0,0,0,3,1,2,1,0,0,0,0,0,0,0,0,3,75.0,209.1,52.275,1,1
0,0,0,0,1,1,2,0,0,0,0,0,0,0,0,1,0,49.95,49.95,24.975,1,1
1,0,0,0,10,1,2,0,0,0,0,0,2,2,0,1,1,72.15,794.25,72.20454545454545,0,1
0,0,0,0,10,1,0,2,1,1,1,1,1,1,0,1,3,20.9,247.0,22.454545454545453,0,0
0,0,1,1,29,1,0,2,1,1,1,1,1,1,1,0,2,20.0,540.05,18.001666666666665,0,0
0,1,1,0,34,1,2,1,0,2,2,0,0,2,0,1,2,94.25,3217.55,91.93,1,1
1,1,1,0,7,1,2,1,0,0,2,0,2,2,0,1,2,101.95,700.85,87.60625,1,1
1,0,1,1,69,1,2,0,2,0,2,2,2,2,2,0,0,86.9,6194.1,88.48714285714286,0,0
0,0,0,0,36,1,2,0,2,0,0,0,0,0,1,0,3,54.45,1893.5,51.17567567567568,0,0
1,0,1,0,72,1,2,0,0,2,2,2,2,2,2,0,0,85.95,6151.9,84.27260273972603,0,0
0,0,0,0,42,1,0,2,1,1,1,1,1,1,1,1,3,20.65,958.1,22.28139534883721,0,0
1,0,0,0,42,1,2,1,2,2,2,0,0,2,1,1,2,99.0,4298.45,99.96395348837208,0,0
1,0,0,0,67,0,1,0,2,0,0,2,2,0,2,0,2,43.9,3097.2,45.54705882352941,0,0
0,1,0,0,21,1,2,1,0,0,0,0,2,2,0,1,0,95.4,2025.1,92.05,1,0
0,0,0,0,23,1,2,1,0,0,0,0,2,2,0,1,2,93.5,2341.55,97.56458333333336,1,0
0,0,0,0,15,1,0,1,2,0,0,0,2,0,0,0,2,86.2,1270.2,79.3875,0,1
0,1,1,0,34,1,0,0,0,0,2,2,2,0,1,0,0,64.2,2106.3,60.18000000000001,0,0
1,1,1,0,7,1,2,1,0,0,2,0,2,2,0,1,2,99.25,665.45,83.18125,1,1
1,0,0,1,9,1,0,2,1,1,1,1,1,1,0,0,3,20.4,184.1,18.41,0,0
0,0,1,0,34,1,2,2,1,1,1,1,1,1,0,0,2,24.7,780.2,22.29142857142857,0,0
1,0,0,0,1,0,1,0,0,0,0,0,0,2,0,1,2,35.55,35.55,17.775,1,1
0,0,0,0,25,1,2,1,0,2,2,2,2,2,2,0,2,108.9,2809.05,108.04038461538462,0,0
0,0,1,0,72,1,2,1,2,2,2,2,2,2,2,1,0,115.5,8312.75,113.87328767123287,0,0
1,0,0,0,1,1,0,2,1,1,1,1,1,1,0,0,2,20.55,20.55,10.275,0,1
0,0,1,0,60,1,2,1,0,2,0,0,2,2,0,1,2,99.8,5985.75,98.12704918032787,0,0
1,0,1,0,43,1,0,1,2,0,2,2,0,0,1,1,0,84.25,3539.25,80.4375,0,0
1,0,0,0,3,1,0,2,1,1,1,1,1,1,1,0,3,21.2,52.05,13.0125,0,0
1,1,1,0,72,1,2,0,2,2,2,0,2,2,2,1,1,84.1,5981.65,81.94041095890411,0,0
1,0,0,0,2,1,0,0,0,0,0,0,0,0,0,0,2,45.35,89.5,29.83333333333333,0,1
1,0,0,0,10,1,0,1,2,0,2,0,2,2,1,1,2,98.9,1064.95,96.81363636363636,0,0
1,0,0,0,7,1,2,1,0,0,2,0,2,2,0,1,0,98.05,713.0,89.125,1,1
0,0,1,0,33,1,0,0,0,0,0,2,0,0,1,1,3,51.45,1758.9,51.73235294117647,0,0
1,0,0,0,31,1,2,1,0,2,0,0,0,0,0,1,2,81.15,2640.55,82.5171875,0,0
1,1,0,0,38,1,2,1,0,0,0,0,2,2,0,0,2,94.75,3653.0,93.66666666666669,1,0
0,0,0,0,24,1,2,1,2,0,0,2,0,0,0,1,2,84.35,1938.05,77.52199999999999,0,0
0,0,0,0,28,1,0,0,0,0,2,0,2,0,0,1,0,59.55,1646.45,56.77413793103448,0,0
1,0,1,1,72,0,1,0,2,2,2,0,0,0,2,0,1,38.5,2763.0,37.84931506849315,0,0
0,0,1,0,20,1,0,2,1,1,1,1,1,1,0,0,0,19.25,375.25,17.86904761904762,0,0
1,0,0,0,60,1,0,0,2,0,2,2,2,2,1,0,3,79.0,4801.1,78.70655737704918,0,0
0,1,0,0,4,1,2,1,0,0,2,0,2,0,0,1,2,89.2,346.2,69.24,1,1
0,0,1,0,46,1,2,0,2,0,0,0,0,0,0,0,0,55.0,2473.95,52.63723404255319,0,0
1,0,1,1,72,1,2,0,2,2,2,2,2,0,2,0,0,82.3,5815.15,79.65958904109588,0,0
0,1,0,0,41,1,2,1,2,2,2,0,2,2,0,1,2,113.2,4689.5,111.6547619047619,1,1
1,1,1,0,65,1,2,1,2,0,0,0,2,2,1,1,2,100.75,6674.65,101.1310606060606,0,0
1,0,1,1,43,0,1,0,0,2,0,0,0,0,0,0,1,29.3,1224.05,27.81931818181818,0,0
0,0,0,1,21,1,0,0,2,0,2,0,0,2,1,0,3,64.85,1336.8,60.76363636363636,0,0
1,0,1,1,54,1,0,2,1,1,1,1,1,1,2,0,1,20.4,1090.6,19.829090909090908,0,0
0,1,1,0,61,1,2,1,0,2,2,0,2,2,1,1,1,104.4,6405.0,103.30645161290325,0,1
1,0,0,0,20,0,1,0,2,2,2,2,2,0,0,1,1,55.0,1165.55,55.50238095238095,0,0
1,0,0,0,69,1,2,1,0,2,0,2,2,2,1,1,0,105.2,7386.05,105.515,0,0
1,1,0,0,1,1,0,0,0,0,0,0,0,0,0,0,2,45.2,45.2,22.6,0,0
1,1,1,0,33,1,0,1,2,2,0,2,0,2,1,1,2,93.55,3055.5,89.86764705882354,0,0
1,0,0,1,19,1,0,2,1,1,1,1,1,1,2,0,1,20.85,467.5,23.375,0,0
1,0,0,0,2,1,0,1,0,0,0,0,2,0,0,0,2,79.0,143.65,47.88333333333333,1,1
0,0,1,1,13,1,0,0,2,0,2,0,0,2,0,1,3,63.15,816.8,58.34285714285714,0,0
1,0,0,0,1,1,0,0,0,0,0,0,0,0,0,1,3,45.8,45.8,22.9,1,0
0,0,1,1,55,1,0,0,2,2,0,0,0,0,0,0,2,55.7,3131.8,55.925,0,0
1,0,0,0,22,1,2,1,0,0,0,0,2,2,0,1,2,95.1,2162.6,94.02608695652174,1,0
1,1,1,0,27,1,2,1,0,0,0,0,0,0,0,1,2,75.5,1893.95,67.64107142857144,1,1
1,1,1,0,13,1,0,1,0,2,0,2,0,2,0,1,0,89.05,1169.35,83.52499999999999,0,1
1,0,1,1,26,1,0,0,0,0,2,0,0,0,1,0,3,50.35,1285.8,47.62222222222222,0,0
1,0,1,1,35,1,0,2,1,1,1,1,1,1,2,0,3,20.1,655.3,18.202777777777776,0,0
0,1,0,0,56,1,2,1,0,2,2,0,2,2,0,0,2,104.75,5841.35,102.47982456140352,0,0
1,0,0,0,1,1,2,1,0,0,0,0,2,2,0,1,2,95.45,95.45,47.725,1,1
1,1,1,0,1,1,2,1,0,0,0,0,0,0,0,0,2,74.3,74.3,37.15,1,0
1,0,0,0,23,1,2,1,0,0,0,2,2,0,0,1,2,90.6,1943.2,80.96666666666667,1,1
0,0,0,0,7,1,2,1,0,0,0,0,0,0,0,0,3,75.45,480.75,60.09375,1,1
1,0,1,0,22,1,0,1,2,2,0,2,2,2,0,1,2,104.6,2180.55,94.80652173913045,0,0
1,0,1,0,56,1,2,0,0,2,2,0,0,0,2,0,1,59.5,3389.25,59.46052631578947,0,0
1,0,1,0,71,1,0,0,2,0,2,2,2,2,2,1,2,82.55,5832.65,81.00902777777777,0,0
1,0,1,1,59,1,0,2,1,1,1,1,1,1,2,0,3,19.85,1188.25,19.804166666666667,0,0
0,0,0,0,18,1,0,1,2,0,0,0,2,2,0,1,2,96.05,1740.7,91.61578947368422,1,1
1,0,1,0,60,1,0,0,2,2,0,2,0,0,2,1,3,61.35,3766.2,61.74098360655737,0,0
0,0,0,0,8,1,0,0,0,0,0,0,0,0,0,0,3,44.45,369.3,41.03333333333333,0,0
1,0,0,0,1,1,0,2,1,1,1,1,1,1,0,1,1,19.75,19.75,9.875,0,0
0,1,1,0,1,1,0,1,0,0,0,0,0,0,0,1,3,70.45,70.45,35.225,1,1
0,0,1,1,28,1,0,1,2,0,0,0,0,2,1,1,0,82.85,2320.8,80.02758620689656,0,0
1,0,0,0,18,1,2,1,0,0,0,0,0,0,0,0,3,74.15,1387.0,73.0,0,0
1,0,0,0,24,1,0,1,0,0,0,0,2,2,0,1,2,90.35,2238.5,89.54,1,1
0,0,1,1,68,0,1,0,0,2,2,2,2,2,2,0,1,60.3,4109.0,59.55072463768116,0,0
1,0,1,1,71,1,0,1,2,2,2,0,2,2,1,1,0,104.65,7288.4,101.22777777777776,0,0
1,0,1,1,64,1,0,2,1,1,1,1,1,1,2,1,0,19.7,1274.05,19.60076923076923,0,0
0,0,1,0,72,1,2,1,2,2,2,0,2,2,2,1,2,110.75,7751.7,106.18767123287672,0,0
0,1,0,0,69,1,2,1,2,0,2,2,2,2,2,0,1,110.25,7467.55,106.67928571428573,0,0
0,0,0,0,67,0,1,0,0,0,2,2,2,2,0,1,1,53.4,3579.15,52.63455882352941,0,0
0,1,0,0,20,1,0,1,0,0,0,0,2,0,0,0,0,80.7,1614.2,76.86666666666667,0,0
0,0,1,1,25,1,0,2,1,1,1,1,1,1,2,1,3,18.7,383.65,14.75576923076923,0,0
0,0,0,0,50,1,0,1,0,0,2,2,0,2,2,1,0,89.7,4304.5,84.40196078431373,0,0
0,0,1,1,6,1,2,0,0,0,0,0,0,0,0,1,1,48.95,273.25,39.035714285714285,0,0
0,0,0,1,2,1,0,2,1,1,1,1,1,1,0,1,2,19.6,35.85,11.95,0,1
0,0,0,0,18,1,0,2,1,1,1,1,1,1,1,0,3,20.1,407.05,21.42368421052632,0,0
0,1,0,0,2,1,2,0,0,2,0,0,0,0,0,1,1,56.55,118.25,39.41666666666666,1,0
1,0,0,0,3,0,1,0,0,0,2,0,2,0,0,1,3,40.15,130.75,32.6875,1,1
0,0,0,1,9,1,0,0,0,0,0,2,2,2,0,1,1,69.4,571.45,57.145,0,0
1,0,0,0,1,1,0,1,0,0,0,0,0,0,0,1,2,69.9,69.9,34.95,1,1
0,0,0,0,70,1,2,1,2,2,2,2,2,2,2,1,0,113.65,7939.25,111.82042253521126,0,0
0,0,0,0,46,1,2,1,0,0,0,0,2,2,0,0,0,96.05,4399.5,93.6063829787234,0,1
0,0,0,0,15,1,2,0,0,0,0,0,0,0,0,1,3,48.8,720.1,45.00625,0,0
0,0,0,0,53,1,0,2,1,1,1,1,1,1,2,0,1,19.85,1049.6,19.43703703703704,0,0
0,0,0,0,1,1,0,0,0,0,0,0,0,2,0,1,2,55.4,55.4,27.7,1,1
0,0,0,0,29,1,0,2,1,1,1,1,1,1,0,0,1,19.35,601.6,20.05333333333333,0,0
0,0,0,0,1,1,2,1,0,0,0,0,0,0,0,1,2,77.15,77.15,38.575,1,1
1,0,0,0,69,0,1,0,2,2,0,2,2,2,2,1,0,60.05,4176.7,59.667142857142856,0,0
1,1,1,0,63,0,1,0,2,0,0,2,0,0,1,0,0,36.1,2298.9,35.9203125,0,0
1,1,0,0,51,1,2,2,1,1,1,1,1,1,1,0,0,25.0,1260.7,24.24423076923077,0,0
1,0,1,0,64,1,0,1,2,0,0,0,0,0,0,1,3,73.55,4764.0,73.29230769230769,0,0
0,0,1,1,52,1,0,1,2,0,2,2,0,0,0,1,0,84.05,4326.8,81.63773584905661,0,0
1,0,1,1,70,0,1,0,2,0,2,2,2,2,2,0,0,59.5,4144.8,58.3774647887324,0,0
1,0,1,1,9,1,0,0,0,2,0,2,0,0,0,0,3,54.8,452.8,45.28,0,0
0,0,0,0,3,1,0,1,0,2,0,0,2,0,0,0,2,83.75,247.25,61.8125,1,1
1,0,1,0,70,1,2,0,2,0,2,2,0,2,2,1,1,74.8,5315.8,74.87042253521128,0,0
1,0,0,0,21,1,2,1,0,0,0,0,0,2,0,1,2,84.1,1737.45,78.97500000000001,1,0
0,1,0,0,5,1,0,1,0,0,2,0,0,0,0,1,1,75.55,349.65,58.275,1,1
1,0,0,0,20,1,0,1,2,2,2,2,2,2,0,1,0,108.2,2203.7,104.93809523809524,0,0
0,1,1,0,72,1,2,1,2,0,2,2,2,2,2,1,3,109.75,8075.35,110.62123287671233,0,0
1,0,1,1,72,1,0,2,1,1,1,1,1,1,2,0,0,20.3,1401.15,19.19383561643836,0,0
0,1,0,0,2,1,0,1,0,0,0,0,0,0,0,1,2,70.65,142.35,47.45,1,1
0,0,1,1,23,1,0,1,0,0,2,0,0,0,0,1,1,75.3,1702.9,70.95416666666667,0,0
0,0,0,0,4,1,0,2,1,1,1,1,1,1,0,0,0,20.95,85.5,17.1,0,1
1,0,0,0,32,1,2,1,0,2,0,0,0,0,0,1,0,80.35,2596.15,78.67121212121212,0,1
0,0,0,0,36,1,2,0,2,0,2,2,2,2,1,1,1,89.65,3348.1,90.4891891891892,0,0
1,0,0,0,24,1,0,0,0,2,0,0,0,0,0,1,3,49.7,1218.25,48.73,0,0
1,0,0,0,6,1,0,0,0,0,0,2,0,0,0,1,1,49.5,312.7,44.67142857142857,0,0
1,0,1,1,23,1,2,0,0,2,0,2,0,0,2,0,3,59.7,1414.2,58.925,0,0
0,0,1,1,48,1,0,2,1,1,1,1,1,1,2,0,0,20.65,1057.0,21.571428571428573,0,0
0,0,0,0,28,1,2,0,0,0,0,2,0,0,0,1,1,54.9,1505.15,51.90172413793104,0,0
1,1,0,0,52,0,1,0,0,2,0,0,2,2,0,1,2,49.15,2550.9,48.130188679245286,0,1
0,0,0,0,3,1,2,1,0,0,0,0,0,0,0,1,2,74.95,212.4,53.1,1,0
0,0,0,0,2,1,0,1,0,0,0,0,0,2,0,0,2,80.55,184.1,61.36666666666667,1,1
1,0,0,0,4,1,0,2,1,1,1,1,1,1,1,0,3,19.95,68.2,13.64,0,0
1,0,0,0,5,1,0,1,0,0,0,0,0,0,0,1,2,69.7,316.9,52.81666666666666,1,1
0,1,0,0,1,1,0,1,0,0,0,0,0,0,0,1,2,69.6,69.6,34.8,1,1
1,0,1,1,66,1,0,2,1,1,1,1,1,1,2,1,3,19.75,1344.5,20.06716417910448,0,0
0,0,1,0,52,1,2,1,0,2,0,2,2,2,0,1,1,102.7,5138.1,96.94528301886793,0,0
0,0,0,0,1,0,1,0,0,0,0,0,0,0,0,0,2,24.6,24.6,12.3,1,1
1,0,0,0,35,1,0,1,2,0,0,2,0,2,1,1,2,89.2,3251.3,90.3138888888889,0,0
1,0,1,0,3,1,0,0,0,0,2,2,0,0,0,1,3,55.8,154.55,38.6375,0,0
0,1,0,0,66,1,2,1,0,0,2,2,2,2,1,1,1,102.85,6976.75,104.13059701492536,0,0
0,0,0,0,59,1,2,0,2,0,0,2,0,2,1,0,0,68.7,4070.95,67.84916666666666,0,0
1,0,1,1,52,1,2,2,1,1,1,1,1,1,2,0,3,25.75,1345.85,25.39339622641509,0,0
0,0,0,0,8,1,2,1,0,0,0,0,0,0,0,1,2,73.5,632.2,70.24444444444445,1,0
0,0,0,0,5,1,2,0,2,0,0,0,0,0,0,1,2,53.8,283.95,47.325,0,0
1,0,0,0,4,0,1,0,0,0,0,0,2,2,0,1,2,44.55,174.3,34.86,1,1
1,0,1,1,50,1,2,0,2,0,0,2,2,0,2,1,1,70.5,3486.65,68.36568627450981,0,0
1,0,1,1,62,1,0,1,2,2,2,2,2,2,2,0,3,108.15,6825.65,108.34365079365078,0,0
0,0,0,0,61,1,0,2,1,1,1,1,1,1,1,0,0,19.45,1336.35,21.554032258064517,0,0
1,0,1,1,55,1,2,1,0,0,0,0,0,2,0,0,0,85.5,4713.4,84.16785714285713,0,0
1,0,0,0,5,1,0,2,1,1,1,1,1,1,0,0,1,20.05,95.55,15.925,0,0
0,0,1,1,35,1,0,0,2,0,0,2,0,0,1,1,0,54.95,1916.0,53.22222222222222,0,0
1,0,0,1,22,1,2,1,0,2,0,0,2,0,0,1,1,89.1,1949.4,84.75652173913043,0,0
1,0,0,0,57,0,1,0,0,0,2,2,2,2,2,0,1,53.35,3090.05,53.27672413793104,0,0
1,1,1,0,57,1,2,1,0,2,2,0,0,2,0,1,0,95.25,5427.05,93.5698275862069,0,1
0,0,1,0,64,1,0,2,1,1,1,1,1,1,2,0,1,19.45,1225.65,18.85615384615385,0,0
0,0,0,0,26,1,0,1,2,0,2,2,0,2,1,1,0,95.85,2475.35,91.67962962962964,0,0
0,1,1,0,39,1,0,1,2,2,0,0,2,2,1,0,3,99.1,3877.95,96.94875,0,0
0,0,1,0,19,1,0,0,0,2,0,0,0,2,0,1,3,59.8,1130.85,56.5425,0,0
1,0,1,0,31,1,2,1,0,2,2,0,2,0,0,0,2,93.8,3019.5,94.359375,0,1
0,0,1,1,6,1,0,2,1,1,1,1,1,1,0,0,3,19.85,119.3,17.04285714285714,0,0
1,0,0,0,52,1,2,1,0,0,2,0,0,2,2,1,1,89.45,4577.75,86.37264150943396,0,0
1,0,1,1,53,1,2,0,2,0,2,2,2,2,0,0,2,85.7,4616.1,85.48333333333333,0,0
0,1,0,0,56,1,2,1,0,2,2,2,2,2,1,1,2,111.95,6418.9,112.6122807017544,0,1
1,0,1,1,56,1,2,0,2,2,0,2,0,2,2,1,1,75.85,4261.2,74.7578947368421,0,0
1,0,1,1,49,1,2,1,0,0,2,0,2,2,0,1,2,99.8,4872.45,97.449,1,1
1,0,0,1,39,1,2,2,1,1,1,1,1,1,2,0,3,25.0,1004.35,25.10875,0,0
0,0,1,1,61,1,2,1,0,2,0,0,2,2,0,1,2,99.15,6010.05,96.93629032258065,0,1
0,0,1,0,43,0,1,0,2,0,0,2,0,0,0,0,0,34.0,1505.35,34.2125,0,0
0,0,0,0,5,1,0,2,1,1,1,1,1,1,1,0,2,19.55,99.6,16.599999999999998,0,0
0,0,0,0,11,1,0,2,1,1,1,1,1,1,0,0,0,20.3,246.3,20.525,0,0
1,0,0,0,2,1,2,2,1,1,1,1,1,1,0,0,3,24.85,62.0,20.666666666666668,0,0
0,0,0,0,13,1,2,1,2,2,0,0,2,0,0,1,2,96.65,1244.5,88.89285714285714,1,1
1,0,1,1,72,1,2,0,2,2,2,2,0,2,2,0,1,81.0,5750.0,78.76712328767124,0,0
0,1,0,0,46,1,2,0,0,0,2,2,0,2,1,1,1,69.1,3255.35,69.2627659574468,0,0
1,0,1,0,71,1,2,1,2,0,2,2,2,2,2,1,1,108.55,7616.0,105.77777777777776,0,0
0,0,0,0,36,1,0,1,0,0,2,2,0,2,0,1,2,87.55,3078.1,83.19189189189188,0,1
1,0,1,0,64,1,2,1,2,0,2,2,2,2,1,1,3,108.5,6880.85,105.85923076923078,0,0
0,0,0,0,1,1,0,1,2,0,0,0,0,0,0,0,3,75.3,75.3,37.65,1,1
0,0,1,0,15,1,0,1,0,0,2,0,2,0,0,1,2,84.3,1308.4,81.775,1,1
1,0,1,0,36,1,0,2,1,1,1,1,1,1,1,0,3,20.0,666.75,18.02027027027027,0,0
0,0,1,1,6,0,1,0,0,2,2,2,0,0,2,0,3,40.55,217.5,31.071428571428573,0,0
1,0,1,0,30,1,0,0,0,0,2,0,0,0,0,1,3,50.0,1474.9,47.57741935483871,0,0
1,0,0,0,1,1,2,0,0,0,0,0,2,0,0,1,2,59.85,59.85,29.925,1,1
1,0,0,0,13,1,0,1,0,0,0,0,0,2,0,1,2,80.85,1008.7,72.05,1,1
1,0,1,1,61,1,0,2,1,1,1,1,1,1,1,0,3,20.4,1226.45,19.781451612903226,0,0
1,0,1,1,72,1,2,1,2,2,0,2,2,2,2,1,1,107.7,7919.8,108.4904109589041,0,0
0,0,1,1,67,1,2,0,2,2,0,2,2,0,2,0,1,74.0,4868.4,71.59411764705882,0,0
0,0,0,0,34,1,0,0,2,0,2,2,2,2,1,1,0,79.95,2727.3,77.92285714285715,0,0
0,0,1,0,72,1,0,2,1,1,1,1,1,1,2,0,1,20.5,1502.25,20.578767123287676,0,0
1,0,1,0,46,1,0,0,2,2,2,2,0,0,2,0,3,65.65,3047.15,64.83297872340425,0,0
0,0,0,0,7,1,2,1,0,0,0,0,0,0,0,1,0,75.1,552.95,69.11875,1,1
0,1,0,0,7,1,0,1,2,0,0,0,0,0,0,0,0,76.45,503.6,62.95,0,1
1,0,1,0,72,1,2,0,2,2,2,2,0,0,2,1,0,67.8,4804.65,65.81712328767122,0,0
0,0,1,1,32,1,0,1,0,2,0,0,2,0,0,1,2,86.1,2723.75,82.53787878787878,0,0
1,0,0,0,39,1,2,0,0,0,0,2,0,0,2,1,1,53.85,2200.7,55.0175,0,0
1,0,1,1,47,1,0,1,2,2,2,0,0,2,1,1,2,96.1,4391.45,91.48854166666666,0,0
0,1,1,0,50,1,2,1,0,2,2,0,2,0,0,1,2,95.05,4888.7,95.85686274509804,0,1
1,0,1,1,58,1,0,2,1,1,1,1,1,1,1,1,2,19.55,1108.8,18.79322033898305,0,0
0,0,0,0,41,1,2,1,2,0,0,0,0,0,0,1,1,81.3,3190.65,75.96785714285714,0,0
0,1,1,0,4,1,2,1,0,0,0,0,2,0,0,1,2,83.25,308.05,61.61,1,0
0,0,1,1,32,1,0,0,2,2,0,2,0,0,0,0,0,61.4,1864.65,56.50454545454546,0,0
1,0,0,0,1,1,0,2,1,1,1,1,1,1,0,0,1,20.75,20.75,10.375,0,0
1,0,0,0,19,1,0,2,1,1,1,1,1,1,2,0,3,19.65,358.15,17.9075,0,0
0,1,1,0,62,1,2,1,2,0,2,0,2,2,1,1,2,104.85,6312.9,100.2047619047619,0,0
0,0,0,0,1,1,0,0,0,0,2,2,2,2,1,0,1,74.1,74.1,37.05,0,0
0,0,0,0,12,1,2,0,2,0,2,2,0,0,0,1,3,61.65,713.75,54.90384615384615,0,1
0,0,1,0,48,0,1,0,2,0,2,0,0,2,0,1,0,45.3,2145.0,43.775510204081634,0,1
0,0,0,1,3,1,0,0,2,0,0,2,0,2,0,1,0,64.5,177.4,44.35,0,0
0,0,1,0,40,1,2,1,0,0,0,2,0,0,0,1,1,78.85,3126.85,76.26463414634146,0,0
1,0,0,0,19,0,1,0,0,0,0,0,0,0,0,1,0,25.15,468.35,23.4175,0,0
0,0,0,0,1,1,0,1,0,0,0,0,0,0,0,1,2,70.25,70.25,35.125,1,1
0,0,1,1,67,1,2,2,1,1,1,1,1,1,2,1,3,24.9,1680.25,24.709558823529413,0,0
0,0,1,1,16,1,0,1,2,0,2,0,2,2,0,0,0,100.7,1522.7,89.57058823529412,0,0
0,0,0,0,1,1,0,2,1,1,1,1,1,1,0,1,3,19.55,19.55,9.775,0,0
0,0,0,1,21,0,1,0,2,2,2,2,2,0,2,0,3,53.15,1183.2,53.78181818181818,0,0
0,1,1,1,29,0,1,0,0,2,2,0,0,0,0,1,3,35.65,1025.15,34.17166666666667,0,0
1,1,1,1,20,1,0,1,2,0,2,2,0,2,1,0,1,94.3,1818.3,86.58571428571429,0,0
0,0,1,0,13,1,2,1,0,2,2,0,2,0,0,0,2,94.1,1215.6,86.82857142857142,1,1
1,0,1,1,9,0,1,0,0,2,0,0,0,0,0,1,2,29.95,248.95,24.895,0,1
1,0,1,0,51,1,0,0,2,2,2,2,2,2,2,1,1,83.25,4089.45,78.64326923076922,0,0
1,0,1,1,60,1,0,0,2,2,0,2,2,2,0,1,1,79.05,4663.4,76.44918032786885,0,0
0,1,0,0,20,1,2,1,2,0,0,0,0,0,0,1,2,79.15,1520.9,72.42380952380952,0,1
1,0,0,0,9,0,1,0,0,0,0,0,2,0,0,1,1,34.7,296.1,29.610000000000003,1,1
0,1,1,0,8,1,2,1,0,2,0,0,0,0,0,1,1,80.65,633.3,70.36666666666666,1,1
1,0,1,0,63,1,2,0,0,0,2,2,2,2,2,0,1,79.8,5034.05,78.65703125,0,0
0,0,1,1,10,1,0,0,0,2,2,0,0,2,1,1,3,65.9,660.05,60.00454545454545,0,0
0,0,0,0,3,1,0,0,0,0,2,0,2,2,1,1,2,69.95,220.45,55.1125,0,0
1,0,1,1,44,1,0,2,1,1,1,1,1,1,1,0,0,20.6,926.0,20.57777777777778,0,0
1,0,1,1,8,1,0,0,2,0,0,0,0,0,0,1,1,51.3,411.6,45.73333333333333,0,0
1,0,1,1,61,1,2,1,2,2,0,0,2,2,1,1,2,106.0,6547.7,105.60806451612903,0,1
0,0,1,1,43,1,2,1,0,0,2,0,2,2,0,1,0,99.3,4209.95,95.6806818181818,0,0
1,0,1,0,43,1,0,0,0,0,0,0,2,0,1,1,3,56.35,2391.15,54.34431818181818,0,0
0,0,0,0,5,1,2,0,0,0,0,0,0,0,0,1,3,50.6,249.95,41.65833333333333,0,1
1,0,1,1,29,1,2,0,2,0,0,2,2,0,1,0,0,69.05,1958.45,65.28166666666667,0,0
1,1,1,0,54,1,2,1,0,0,2,0,2,2,0,1,1,99.05,5295.7,96.28545454545454,1,0
1,0,1,0,50,1,2,1,0,2,0,0,2,2,1,1,2,98.25,4858.7,95.2686274509804,0,0
0,0,0,0,68,1,2,0,2,2,2,2,2,2,2,1,2,88.15,6148.45,89.10797101449275,0,0
0,1,1,1,1,1,0,1,0,0,0,0,0,0,0,1,2,69.25,69.25,34.625,1,1
0,0,1,1,72,1,0,1,2,2,2,2,2,2,2,1,0,108.3,7679.65,105.20068493150684,0,0
0,0,0,0,55,1,2,1,0,0,0,0,0,0,0,1,2,73.1,4144.9,74.01607142857142,0,0
1,0,0,0,3,1,0,1,0,0,0,0,0,0,0,1,3,70.3,220.4,55.1,1,0
1,0,0,0,1,1,0,2,1,1,1,1,1,1,0,0,3,19.05,19.05,9.525,0,0
0,0,1,1,7,1,0,2,1,1,1,1,1,1,2,0,3,19.85,144.15,18.01875,0,0
1,1,0,0,9,1,2,1,0,0,0,0,0,2,0,1,1,84.4,732.5,73.25,1,1
1,0,0,0,37,0,1,0,0,0,0,0,2,0,2,0,1,35.8,1316.9,34.65526315789474,0,0
1,0,1,1,62,1,0,0,2,2,2,2,2,2,2,0,2,86.1,5215.25,82.78174603174604,0,0
0,0,1,1,56,1,0,0,2,2,2,0,0,0,2,1,1,61.3,3346.8,58.71578947368421,0,0
0,0,1,1,27,1,2,2,1,1,1,1,1,1,2,0,2,24.5,761.95,27.2125,0,0
0,0,1,1,49,1,0,0,2,2,2,2,2,2,1,1,3,87.2,4345.0,86.9,0,0
1,0,1,1,28,1,0,2,1,1,1,1,1,1,2,1,1,20.3,487.95,16.825862068965517,0,0
1,0,0,0,5,1,0,2,1,1,1,1,1,1,0,0,0,20.65,93.55,15.591666666666669,0,0
0,0,0,0,56,1,0,2,1,1,1,1,1,1,2,0,0,19.7,1051.9,18.454385964912284,0,0
0,0,1,1,72,1,2,0,2,2,2,2,0,0,2,1,0,70.45,5165.7,70.76301369863013,0,0
